data,lag_10,lag_9,lag_8,lag_7,lag_6,lag_5,lag_4,lag_3,lag_2,lag_1,target
2024-07-05,0.288947083785169,-0.7343414724062097,0.4427066421157732,-0.41390311545921576,0.02449529310894876,0.41173613335944054,-0.11116132415436183,0.9021357640523484,-0.2916027632249032,0.5143882596737659,-0.36365924179444736
2024-07-08,-0.7343414724062097,0.4427066421157732,-0.41390311545921576,0.02449529310894876,0.41173613335944054,-0.11116132415436183,0.9021357640523484,-0.2916027632249032,0.5143882596737659,-0.36365924179444736,-0.4213632540738799
2024-07-09,0.4427066421157732,-0.41390311545921576,0.02449529310894876,0.41173613335944054,-0.11116132415436183,0.9021357640523484,-0.2916027632249032,0.5143882596737659,-0.36365924179444736,-0.4213632540738799,-0.4707300373994007
2024-07-10,-0.41390311545921576,0.02449529310894876,0.41173613335944054,-0.11116132415436183,0.9021357640523484,-0.2916027632249032,0.5143882596737659,-0.36365924179444736,-0.4213632540738799,-0.4707300373994007,0.3344116477589757
2024-07-11,0.02449529310894876,0.41173613335944054,-0.11116132415436183,0.9021357640523484,-0.2916027632249032,0.5143882596737659,-0.36365924179444736,-0.4213632540738799,-0.4707300373994007,0.3344116477589757,0.2474205081546563
2024-07-12,0.41173613335944054,-0.11116132415436183,0.9021357640523484,-0.2916027632249032,0.5143882596737659,-0.36365924179444736,-0.4213632540738799,-0.4707300373994007,0.3344116477589757,0.2474205081546563,-0.21448315123517145
2024-07-15,-0.11116132415436183,0.9021357640523484,-0.2916027632249032,0.5143882596737659,-0.36365924179444736,-0.4213632540738799,-0.4707300373994007,0.3344116477589757,0.2474205081546563,-0.21448315123517145,-0.16051038629651262
2024-07-16,0.9021357640523484,-0.2916027632249032,0.5143882596737659,-0.36365924179444736,-0.4213632540738799,-0.4707300373994007,0.3344116477589757,0.2474205081546563,-0.21448315123517145,-0.16051038629651262,-0.5894675462892329
2024-07-17,-0.2916027632249032,0.5143882596737659,-0.36365924179444736,-0.4213632540738799,-0.4707300373994007,0.3344116477589757,0.2474205081546563,-0.21448315123517145,-0.16051038629651262,-0.5894675462892329,1.0345105939127006
2024-07-18,0.5143882596737659,-0.36365924179444736,-0.4213632540738799,-0.4707300373994007,0.3344116477589757,0.2474205081546563,-0.21448315123517145,-0.16051038629651262,-0.5894675462892329,1.0345105939127006,-0.02574254093180283
2024-07-19,-0.36365924179444736,-0.4213632540738799,-0.4707300373994007,0.3344116477589757,0.2474205081546563,-0.21448315123517145,-0.16051038629651262,-0.5894675462892329,1.0345105939127006,-0.02574254093180283,-1.361986808613096
2024-07-22,-0.4213632540738799,-0.4707300373994007,0.3344116477589757,0.2474205081546563,-0.21448315123517145,-0.16051038629651262,-0.5894675462892329,1.0345105939127006,-0.02574254093180283,-1.361986808613096,-0.1900380175200619
2024-07-23,-0.4707300373994007,0.3344116477589757,0.2474205081546563,-0.21448315123517145,-0.16051038629651262,-0.5894675462892329,1.0345105939127006,-0.02574254093180283,-1.361986808613096,-0.1900380175200619,-1.483419071354943
2024-07-24,0.3344116477589757,0.2474205081546563,-0.21448315123517145,-0.16051038629651262,-0.5894675462892329,1.0345105939127006,-0.02574254093180283,-1.361986808613096,-0.1900380175200619,-1.483419071354943,0.32266320544274196
2024-07-25,0.2474205081546563,-0.21448315123517145,-0.16051038629651262,-0.5894675462892329,1.0345105939127006,-0.02574254093180283,-1.361986808613096,-0.1900380175200619,-1.483419071354943,0.32266320544274196,0.3513425964830585
2024-07-26,-0.21448315123517145,-0.16051038629651262,-0.5894675462892329,1.0345105939127006,-0.02574254093180283,-1.361986808613096,-0.1900380175200619,-1.483419071354943,0.32266320544274196,0.3513425964830585,-0.6005800115136423
2024-07-29,-0.16051038629651262,-0.5894675462892329,1.0345105939127006,-0.02574254093180283,-1.361986808613096,-0.1900380175200619,-1.483419071354943,0.32266320544274196,0.3513425964830585,-0.6005800115136423,-0.7331590817980976
2024-07-30,-0.5894675462892329,1.0345105939127006,-0.02574254093180283,-1.361986808613096,-0.1900380175200619,-1.483419071354943,0.32266320544274196,0.3513425964830585,-0.6005800115136423,-0.7331590817980976,-0.5980277320514926
2024-07-31,1.0345105939127006,-0.02574254093180283,-1.361986808613096,-0.1900380175200619,-1.483419071354943,0.32266320544274196,0.3513425964830585,-0.6005800115136423,-0.7331590817980976,-0.5980277320514926,1.6942128328104118
2024-08-01,-0.02574254093180283,-1.361986808613096,-0.1900380175200619,-1.483419071354943,0.32266320544274196,0.3513425964830585,-0.6005800115136423,-0.7331590817980976,-0.5980277320514926,1.6942128328104118,-0.8599760949508308
2024-08-02,-1.361986808613096,-0.1900380175200619,-1.483419071354943,0.32266320544274196,0.3513425964830585,-0.6005800115136423,-0.7331590817980976,-0.5980277320514926,1.6942128328104118,-0.8599760949508308,-1.5349540946327662
2024-08-05,-0.1900380175200619,-1.483419071354943,0.32266320544274196,0.3513425964830585,-0.6005800115136423,-0.7331590817980976,-0.5980277320514926,1.6942128328104118,-0.8599760949508308,-1.5349540946327662,-0.33499856031607916
2024-08-06,-1.483419071354943,0.32266320544274196,0.3513425964830585,-0.6005800115136423,-0.7331590817980976,-0.5980277320514926,1.6942128328104118,-0.8599760949508308,-1.5349540946327662,-0.33499856031607916,0.13466628221145588
2024-08-07,0.32266320544274196,0.3513425964830585,-0.6005800115136423,-0.7331590817980976,-0.5980277320514926,1.6942128328104118,-0.8599760949508308,-1.5349540946327662,-0.33499856031607916,0.13466628221145588,1.108360196089314
2024-08-08,0.3513425964830585,-0.6005800115136423,-0.7331590817980976,-0.5980277320514926,1.6942128328104118,-0.8599760949508308,-1.5349540946327662,-0.33499856031607916,0.13466628221145588,1.108360196089314,0.5079128656922246
2024-08-09,-0.6005800115136423,-0.7331590817980976,-0.5980277320514926,1.6942128328104118,-0.8599760949508308,-1.5349540946327662,-0.33499856031607916,0.13466628221145588,1.108360196089314,0.5079128656922246,0.3366703031872145
2024-08-12,-0.7331590817980976,-0.5980277320514926,1.6942128328104118,-0.8599760949508308,-1.5349540946327662,-0.33499856031607916,0.13466628221145588,1.108360196089314,0.5079128656922246,0.3366703031872145,1.6687759108760254
2024-08-13,-0.5980277320514926,1.6942128328104118,-0.8599760949508308,-1.5349540946327662,-0.33499856031607916,0.13466628221145588,1.108360196089314,0.5079128656922246,0.3366703031872145,1.6687759108760254,-0.8943455256267533
2024-08-14,1.6942128328104118,-0.8599760949508308,-1.5349540946327662,-0.33499856031607916,0.13466628221145588,1.108360196089314,0.5079128656922246,0.3366703031872145,1.6687759108760254,-0.8943455256267533,-0.7327171835844295
2024-08-15,-0.8599760949508308,-1.5349540946327662,-0.33499856031607916,0.13466628221145588,1.108360196089314,0.5079128656922246,0.3366703031872145,1.6687759108760254,-0.8943455256267533,-0.7327171835844295,0.6115255738840357
2024-08-16,-1.5349540946327662,-0.33499856031607916,0.13466628221145588,1.108360196089314,0.5079128656922246,0.3366703031872145,1.6687759108760254,-0.8943455256267533,-0.7327171835844295,0.6115255738840357,-0.8091578429081917
2024-08-19,-0.33499856031607916,0.13466628221145588,1.108360196089314,0.5079128656922246,0.3366703031872145,1.6687759108760254,-0.8943455256267533,-0.7327171835844295,0.6115255738840357,-0.8091578429081917,-1.2465041133559167
2024-08-20,0.13466628221145588,1.108360196089314,0.5079128656922246,0.3366703031872145,1.6687759108760254,-0.8943455256267533,-0.7327171835844295,0.6115255738840357,-0.8091578429081917,-1.2465041133559167,-0.19289082705640212
2024-08-21,1.108360196089314,0.5079128656922246,0.3366703031872145,1.6687759108760254,-0.8943455256267533,-0.7327171835844295,0.6115255738840357,-0.8091578429081917,-1.2465041133559167,-0.19289082705640212,-1.1939301398644877
2024-08-22,0.5079128656922246,0.3366703031872145,1.6687759108760254,-0.8943455256267533,-0.7327171835844295,0.6115255738840357,-0.8091578429081917,-1.2465041133559167,-0.19289082705640212,-1.1939301398644877,0.5988680351254572
2024-08-23,0.3366703031872145,1.6687759108760254,-0.8943455256267533,-0.7327171835844295,0.6115255738840357,-0.8091578429081917,-1.2465041133559167,-0.19289082705640212,-1.1939301398644877,0.5988680351254572,0.9965616047235516
2024-08-26,1.6687759108760254,-0.8943455256267533,-0.7327171835844295,0.6115255738840357,-0.8091578429081917,-1.2465041133559167,-0.19289082705640212,-1.1939301398644877,0.5988680351254572,0.9965616047235516,1.3813391848222991
2024-08-27,-0.8943455256267533,-0.7327171835844295,0.6115255738840357,-0.8091578429081917,-1.2465041133559167,-0.19289082705640212,-1.1939301398644877,0.5988680351254572,0.9965616047235516,1.3813391848222991,-1.022205571087574
2024-08-28,-0.7327171835844295,0.6115255738840357,-0.8091578429081917,-1.2465041133559167,-0.19289082705640212,-1.1939301398644877,0.5988680351254572,0.9965616047235516,1.3813391848222991,-1.022205571087574,-0.5617707087823286
2024-08-29,0.6115255738840357,-0.8091578429081917,-1.2465041133559167,-0.19289082705640212,-1.1939301398644877,0.5988680351254572,0.9965616047235516,1.3813391848222991,-1.022205571087574,-0.5617707087823286,0.7452685902609633
2024-08-30,-0.8091578429081917,-1.2465041133559167,-0.19289082705640212,-1.1939301398644877,0.5988680351254572,0.9965616047235516,1.3813391848222991,-1.022205571087574,-0.5617707087823286,0.7452685902609633,-1.3032169818015569
2024-09-03,-1.2465041133559167,-0.19289082705640212,-1.1939301398644877,0.5988680351254572,0.9965616047235516,1.3813391848222991,-1.022205571087574,-0.5617707087823286,0.7452685902609633,-1.3032169818015569,-1.8368582501816189
2024-09-04,-0.19289082705640212,-1.1939301398644877,0.5988680351254572,0.9965616047235516,1.3813391848222991,-1.022205571087574,-0.5617707087823286,0.7452685902609633,-1.3032169818015569,-1.8368582501816189,-0.679504090069008
2024-09-05,-1.1939301398644877,0.5988680351254572,0.9965616047235516,1.3813391848222991,-1.022205571087574,-0.5617707087823286,0.7452685902609633,-1.3032169818015569,-1.8368582501816189,-0.679504090069008,-0.04049682486617384
2024-09-06,0.5988680351254572,0.9965616047235516,1.3813391848222991,-1.022205571087574,-0.5617707087823286,0.7452685902609633,-1.3032169818015569,-1.8368582501816189,-0.679504090069008,-0.04049682486617384,-0.8961779382549577
2024-09-09,0.9965616047235516,1.3813391848222991,-1.022205571087574,-0.5617707087823286,0.7452685902609633,-1.3032169818015569,-1.8368582501816189,-0.679504090069008,-0.04049682486617384,-0.8961779382549577,0.6131397397922933
2024-09-10,1.3813391848222991,-1.022205571087574,-0.5617707087823286,0.7452685902609633,-1.3032169818015569,-1.8368582501816189,-0.679504090069008,-0.04049682486617384,-0.8961779382549577,0.6131397397922933,-1.812723186282327
2024-09-11,-1.022205571087574,-0.5617707087823286,0.7452685902609633,-1.3032169818015569,-1.8368582501816189,-0.679504090069008,-0.04049682486617384,-0.8961779382549577,0.6131397397922933,-1.812723186282327,0.9485514352635736
2024-09-12,-0.5617707087823286,0.7452685902609633,-1.3032169818015569,-1.8368582501816189,-0.679504090069008,-0.04049682486617384,-0.8961779382549577,0.6131397397922933,-1.812723186282327,0.9485514352635736,0.985940117264796
2024-09-13,0.7452685902609633,-1.3032169818015569,-1.8368582501816189,-0.679504090069008,-0.04049682486617384,-0.8961779382549577,0.6131397397922933,-1.812723186282327,0.9485514352635736,0.985940117264796,-0.20121011037583544
2024-09-16,-1.3032169818015569,-1.8368582501816189,-0.679504090069008,-0.04049682486617384,-0.8961779382549577,0.6131397397922933,-1.812723186282327,0.9485514352635736,0.985940117264796,-0.20121011037583544,0.8384762348129177
2024-09-17,-1.8368582501816189,-0.679504090069008,-0.04049682486617384,-0.8961779382549577,0.6131397397922933,-1.812723186282327,0.9485514352635736,0.985940117264796,-0.20121011037583544,0.8384762348129177,0.626253862928236
2024-09-18,-0.679504090069008,-0.04049682486617384,-0.8961779382549577,0.6131397397922933,-1.812723186282327,0.9485514352635736,0.985940117264796,-0.20121011037583544,0.8384762348129177,0.626253862928236,-0.17217448161253077
2024-09-19,-0.04049682486617384,-0.8961779382549577,0.6131397397922933,-1.812723186282327,0.9485514352635736,0.985940117264796,-0.20121011037583544,0.8384762348129177,0.626253862928236,-0.17217448161253077,0.5848273531873109
2024-09-20,-0.8961779382549577,0.6131397397922933,-1.812723186282327,0.9485514352635736,0.985940117264796,-0.20121011037583544,0.8384762348129177,0.626253862928236,-0.17217448161253077,0.5848273531873109,-0.02798788931651715
2024-09-23,0.6131397397922933,-1.812723186282327,0.9485514352635736,0.985940117264796,-0.20121011037583544,0.8384762348129177,0.626253862928236,-0.17217448161253077,0.5848273531873109,-0.02798788931651715,-0.9024028079429798
2024-09-24,-1.812723186282327,0.9485514352635736,0.985940117264796,-0.20121011037583544,0.8384762348129177,0.626253862928236,-0.17217448161253077,0.5848273531873109,-0.02798788931651715,-0.9024028079429798,0.6752251742824851
2024-09-25,0.9485514352635736,0.985940117264796,-0.20121011037583544,0.8384762348129177,0.626253862928236,-0.17217448161253077,0.5848273531873109,-0.02798788931651715,-0.9024028079429798,0.6752251742824851,-1.0943897278605137
2024-09-26,0.985940117264796,-0.20121011037583544,0.8384762348129177,0.626253862928236,-0.17217448161253077,0.5848273531873109,-0.02798788931651715,-0.9024028079429798,0.6752251742824851,-1.0943897278605137,-1.2144655578068846
2024-09-27,-0.20121011037583544,0.8384762348129177,0.626253862928236,-0.17217448161253077,0.5848273531873109,-0.02798788931651715,-0.9024028079429798,0.6752251742824851,-1.0943897278605137,-1.2144655578068846,0.29629755787245615
2024-09-30,0.8384762348129177,0.626253862928236,-0.17217448161253077,0.5848273531873109,-0.02798788931651715,-0.9024028079429798,0.6752251742824851,-1.0943897278605137,-1.2144655578068846,0.29629755787245615,-0.01692737079319469
2024-10-01,0.626253862928236,-0.17217448161253077,0.5848273531873109,-0.02798788931651715,-0.9024028079429798,0.6752251742824851,-1.0943897278605137,-1.2144655578068846,0.29629755787245615,-0.01692737079319469,0.9735142155631512
2024-10-02,-0.17217448161253077,0.5848273531873109,-0.02798788931651715,-0.9024028079429798,0.6752251742824851,-1.0943897278605137,-1.2144655578068846,0.29629755787245615,-0.01692737079319469,0.9735142155631512,0.1469770401290846
2024-10-03,0.5848273531873109,-0.02798788931651715,-0.9024028079429798,0.6752251742824851,-1.0943897278605137,-1.2144655578068846,0.29629755787245615,-0.01692737079319469,0.9735142155631512,0.1469770401290846,2.043769574665122
2024-10-04,-0.02798788931651715,-0.9024028079429798,0.6752251742824851,-1.0943897278605137,-1.2144655578068846,0.29629755787245615,-0.01692737079319469,0.9735142155631512,0.1469770401290846,2.043769574665122,0.35932015589198074
2024-10-07,-0.9024028079429798,0.6752251742824851,-1.0943897278605137,-1.2144655578068846,0.29629755787245615,-0.01692737079319469,0.9735142155631512,0.1469770401290846,2.043769574665122,0.35932015589198074,1.4798956344987848
2024-10-08,0.6752251742824851,-1.0943897278605137,-1.2144655578068846,0.29629755787245615,-0.01692737079319469,0.9735142155631512,0.1469770401290846,2.043769574665122,0.35932015589198074,1.4798956344987848,-1.9497779705125025
2024-10-09,-1.0943897278605137,-1.2144655578068846,0.29629755787245615,-0.01692737079319469,0.9735142155631512,0.1469770401290846,2.043769574665122,0.35932015589198074,1.4798956344987848,-1.9497779705125025,-0.1948739928824741
2024-10-10,-1.2144655578068846,0.29629755787245615,-0.01692737079319469,0.9735142155631512,0.1469770401290846,2.043769574665122,0.35932015589198074,1.4798956344987848,-1.9497779705125025,-0.1948739928824741,1.4218380533913644
2024-10-11,0.29629755787245615,-0.01692737079319469,0.9735142155631512,0.1469770401290846,2.043769574665122,0.35932015589198074,1.4798956344987848,-1.9497779705125025,-0.1948739928824741,1.4218380533913644,-0.1676654247889127
2024-10-14,-0.01692737079319469,0.9735142155631512,0.1469770401290846,2.043769574665122,0.35932015589198074,1.4798956344987848,-1.9497779705125025,-0.1948739928824741,1.4218380533913644,-0.1676654247889127,-0.9586454786529636
2024-10-15,0.9735142155631512,0.1469770401290846,2.043769574665122,0.35932015589198074,1.4798956344987848,-1.9497779705125025,-0.1948739928824741,1.4218380533913644,-0.1676654247889127,-0.9586454786529636,-1.8529559659149473
2024-10-16,0.1469770401290846,2.043769574665122,0.35932015589198074,1.4798956344987848,-1.9497779705125025,-0.1948739928824741,1.4218380533913644,-0.1676654247889127,-0.9586454786529636,-1.8529559659149473,-0.12122298079865004
2024-10-17,2.043769574665122,0.35932015589198074,1.4798956344987848,-1.9497779705125025,-0.1948739928824741,1.4218380533913644,-0.1676654247889127,-0.9586454786529636,-1.8529559659149473,-0.12122298079865004,0.15151480275002033
2024-10-18,0.35932015589198074,1.4798956344987848,-1.9497779705125025,-0.1948739928824741,1.4218380533913644,-0.1676654247889127,-0.9586454786529636,-1.8529559659149473,-0.12122298079865004,0.15151480275002033,-0.8591933830186772
2024-10-21,1.4798956344987848,-1.9497779705125025,-0.1948739928824741,1.4218380533913644,-0.1676654247889127,-0.9586454786529636,-1.8529559659149473,-0.12122298079865004,0.15151480275002033,-0.8591933830186772,0.7736057357765216
2024-10-22,-1.9497779705125025,-0.1948739928824741,1.4218380533913644,-0.1676654247889127,-0.9586454786529636,-1.8529559659149473,-0.12122298079865004,0.15151480275002033,-0.8591933830186772,0.7736057357765216,0.866831425963503
2024-10-23,-0.1948739928824741,1.4218380533913644,-0.1676654247889127,-0.9586454786529636,-1.8529559659149473,-0.12122298079865004,0.15151480275002033,-0.8591933830186772,0.7736057357765216,0.866831425963503,-0.7670834798538521
2024-10-24,1.4218380533913644,-0.1676654247889127,-0.9586454786529636,-1.8529559659149473,-0.12122298079865004,0.15151480275002033,-0.8591933830186772,0.7736057357765216,0.866831425963503,-0.7670834798538521,-0.3476434831540363
2024-10-25,-0.1676654247889127,-0.9586454786529636,-1.8529559659149473,-0.12122298079865004,0.15151480275002033,-0.8591933830186772,0.7736057357765216,0.866831425963503,-0.7670834798538521,-0.3476434831540363,0.9056240635175772
2024-10-28,-0.9586454786529636,-1.8529559659149473,-0.12122298079865004,0.15151480275002033,-0.8591933830186772,0.7736057357765216,0.866831425963503,-0.7670834798538521,-0.3476434831540363,0.9056240635175772,-2.5992616493527394
2024-10-29,-1.8529559659149473,-0.12122298079865004,0.15151480275002033,-0.8591933830186772,0.7736057357765216,0.866831425963503,-0.7670834798538521,-0.3476434831540363,0.9056240635175772,-2.5992616493527394,-0.1142882896391663
2024-10-30,-0.12122298079865004,0.15151480275002033,-0.8591933830186772,0.7736057357765216,0.866831425963503,-0.7670834798538521,-0.3476434831540363,0.9056240635175772,-2.5992616493527394,-0.1142882896391663,0.8326393484868396
2024-10-31,0.15151480275002033,-0.8591933830186772,0.7736057357765216,0.866831425963503,-0.7670834798538521,-0.3476434831540363,0.9056240635175772,-2.5992616493527394,-0.1142882896391663,0.8326393484868396,0.3748963922208188
2024-11-01,-0.8591933830186772,0.7736057357765216,0.866831425963503,-0.7670834798538521,-0.3476434831540363,0.9056240635175772,-2.5992616493527394,-0.1142882896391663,0.8326393484868396,0.3748963922208188,0.1247273040415605
2024-11-04,0.7736057357765216,0.866831425963503,-0.7670834798538521,-0.3476434831540363,0.9056240635175772,-2.5992616493527394,-0.1142882896391663,0.8326393484868396,0.3748963922208188,0.1247273040415605,1.1386480009413136
2024-11-05,0.866831425963503,-0.7670834798538521,-0.3476434831540363,0.9056240635175772,-2.5992616493527394,-0.1142882896391663,0.8326393484868396,0.3748963922208188,0.1247273040415605,1.1386480009413136,0.285701780384358
2024-11-06,-0.7670834798538521,-0.3476434831540363,0.9056240635175772,-2.5992616493527394,-0.1142882896391663,0.8326393484868396,0.3748963922208188,0.1247273040415605,1.1386480009413136,0.285701780384358,-0.1817906536667488
2024-11-07,-0.3476434831540363,0.9056240635175772,-2.5992616493527394,-0.1142882896391663,0.8326393484868396,0.3748963922208188,0.1247273040415605,1.1386480009413136,0.285701780384358,-0.1817906536667488,0.3697040938306061
2024-11-08,0.9056240635175772,-2.5992616493527394,-0.1142882896391663,0.8326393484868396,0.3748963922208188,0.1247273040415605,1.1386480009413136,0.285701780384358,-0.1817906536667488,0.3697040938306061,-1.1461592832238003
2024-11-11,-2.5992616493527394,-0.1142882896391663,0.8326393484868396,0.3748963922208188,0.1247273040415605,1.1386480009413136,0.285701780384358,-0.1817906536667488,0.3697040938306061,-1.1461592832238003,-1.3944759742250283
2024-11-12,-0.1142882896391663,0.8326393484868396,0.3748963922208188,0.1247273040415605,1.1386480009413136,0.285701780384358,-0.1817906536667488,0.3697040938306061,-1.1461592832238003,-1.3944759742250283,0.03715834280003206
2024-11-13,0.8326393484868396,0.3748963922208188,0.1247273040415605,1.1386480009413136,0.285701780384358,-0.1817906536667488,0.3697040938306061,-1.1461592832238003,-1.3944759742250283,0.03715834280003206,0.1748583025764998
2024-11-14,0.3748963922208188,0.1247273040415605,1.1386480009413136,0.285701780384358,-0.1817906536667488,0.3697040938306061,-1.1461592832238003,-1.3944759742250283,0.03715834280003206,0.1748583025764998,0.15020117272608816
2024-11-15,0.1247273040415605,1.1386480009413136,0.285701780384358,-0.1817906536667488,0.3697040938306061,-1.1461592832238003,-1.3944759742250283,0.03715834280003206,0.1748583025764998,0.15020117272608816,-1.0239614683423943
2024-11-18,1.1386480009413136,0.285701780384358,-0.1817906536667488,0.3697040938306061,-1.1461592832238003,-1.3944759742250283,0.03715834280003206,0.1748583025764998,0.15020117272608816,-1.0239614683423943,1.275177381929712
2024-11-19,0.285701780384358,-0.1817906536667488,0.3697040938306061,-1.1461592832238003,-1.3944759742250283,0.03715834280003206,0.1748583025764998,0.15020117272608816,-1.0239614683423943,1.275177381929712,0.12492311747316592
2024-11-20,-0.1817906536667488,0.3697040938306061,-1.1461592832238003,-1.3944759742250283,0.03715834280003206,0.1748583025764998,0.15020117272608816,-1.0239614683423943,1.275177381929712,0.12492311747316592,-0.318706620804918
2024-11-21,0.3697040938306061,-1.1461592832238003,-1.3944759742250283,0.03715834280003206,0.1748583025764998,0.15020117272608816,-1.0239614683423943,1.275177381929712,0.12492311747316592,-0.318706620804918,0.7133975312534191
2024-11-22,-1.1461592832238003,-1.3944759742250283,0.03715834280003206,0.1748583025764998,0.15020117272608816,-1.0239614683423943,1.275177381929712,0.12492311747316592,-0.318706620804918,0.7133975312534191,0.6491406246562331
2024-11-25,-1.3944759742250283,0.03715834280003206,0.1748583025764998,0.15020117272608816,-1.0239614683423943,1.275177381929712,0.12492311747316592,-0.318706620804918,0.7133975312534191,0.6491406246562331,-1.3537435554518673
2024-11-26,0.03715834280003206,0.1748583025764998,0.15020117272608816,-1.0239614683423943,1.275177381929712,0.12492311747316592,-0.318706620804918,0.7133975312534191,0.6491406246562331,-1.3537435554518673,-0.11195097213041832
2024-11-27,0.1748583025764998,0.15020117272608816,-1.0239614683423943,1.275177381929712,0.12492311747316592,-0.318706620804918,0.7133975312534191,0.6491406246562331,-1.3537435554518673,-0.11195097213041832,-0.04068180132958101
2024-11-29,0.15020117272608816,-1.0239614683423943,1.275177381929712,0.12492311747316592,-0.318706620804918,0.7133975312534191,0.6491406246562331,-1.3537435554518673,-0.11195097213041832,-0.04068180132958101,-0.4418901382400703
2024-12-02,-1.0239614683423943,1.275177381929712,0.12492311747316592,-0.318706620804918,0.7133975312534191,0.6491406246562331,-1.3537435554518673,-0.11195097213041832,-0.04068180132958101,-0.4418901382400703,0.04920320627924535
2024-12-03,1.275177381929712,0.12492311747316592,-0.318706620804918,0.7133975312534191,0.6491406246562331,-1.3537435554518673,-0.11195097213041832,-0.04068180132958101,-0.4418901382400703,0.04920320627924535,1.0799562957649085
2024-12-04,0.12492311747316592,-0.318706620804918,0.7133975312534191,0.6491406246562331,-1.3537435554518673,-0.11195097213041832,-0.04068180132958101,-0.4418901382400703,0.04920320627924535,1.0799562957649085,-0.8382831266577687
2024-12-05,-0.318706620804918,0.7133975312534191,0.6491406246562331,-1.3537435554518673,-0.11195097213041832,-0.04068180132958101,-0.4418901382400703,0.04920320627924535,1.0799562957649085,-0.8382831266577687,-0.15445088241962454
2024-12-06,0.7133975312534191,0.6491406246562331,-1.3537435554518673,-0.11195097213041832,-0.04068180132958101,-0.4418901382400703,0.04920320627924535,1.0799562957649085,-0.8382831266577687,-0.15445088241962454,-0.6752835734033774
2024-12-09,0.6491406246562331,-1.3537435554518673,-0.11195097213041832,-0.04068180132958101,-0.4418901382400703,0.04920320627924535,1.0799562957649085,-0.8382831266577687,-0.15445088241962454,-0.6752835734033774,0.6953491729594471
2024-12-10,-1.3537435554518673,-0.11195097213041832,-0.04068180132958101,-0.4418901382400703,0.04920320627924535,1.0799562957649085,-0.8382831266577687,-0.15445088241962454,-0.6752835734033774,0.6953491729594471,0.1205238324278358
2024-12-11,-0.11195097213041832,-0.04068180132958101,-0.4418901382400703,0.04920320627924535,1.0799562957649085,-0.8382831266577687,-0.15445088241962454,-0.6752835734033774,0.6953491729594471,0.1205238324278358,0.9908497390556772
2024-12-12,-0.04068180132958101,-0.4418901382400703,0.04920320627924535,1.0799562957649085,-0.8382831266577687,-0.15445088241962454,-0.6752835734033774,0.6953491729594471,0.1205238324278358,0.9908497390556772,-0.1684023986928669
2024-12-13,-0.4418901382400703,0.04920320627924535,1.0799562957649085,-0.8382831266577687,-0.15445088241962454,-0.6752835734033774,0.6953491729594471,0.1205238324278358,0.9908497390556772,-0.1684023986928669,0.7245740099353281
2024-12-16,0.04920320627924535,1.0799562957649085,-0.8382831266577687,-0.15445088241962454,-0.6752835734033774,0.6953491729594471,0.1205238324278358,0.9908497390556772,-0.1684023986928669,0.7245740099353281,-0.34518173784050254
2024-12-17,1.0799562957649085,-0.8382831266577687,-0.15445088241962454,-0.6752835734033774,0.6953491729594471,0.1205238324278358,0.9908497390556772,-0.1684023986928669,0.7245740099353281,-0.34518173784050254,-0.37711506733605665
2024-12-18,-0.8382831266577687,-0.15445088241962454,-0.6752835734033774,0.6953491729594471,0.1205238324278358,0.9908497390556772,-0.1684023986928669,0.7245740099353281,-0.34518173784050254,-0.37711506733605665,0.27997248719076995
2024-12-19,-0.15445088241962454,-0.6752835734033774,0.6953491729594471,0.1205238324278358,0.9908497390556772,-0.1684023986928669,0.7245740099353281,-0.34518173784050254,-0.37711506733605665,0.27997248719076995,-0.4011978582517968
2024-12-20,-0.6752835734033774,0.6953491729594471,0.1205238324278358,0.9908497390556772,-0.1684023986928669,0.7245740099353281,-0.34518173784050254,-0.37711506733605665,0.27997248719076995,-0.4011978582517968,-0.27515712500451456
2024-12-23,0.6953491729594471,0.1205238324278358,0.9908497390556772,-0.1684023986928669,0.7245740099353281,-0.34518173784050254,-0.37711506733605665,0.27997248719076995,-0.4011978582517968,-0.27515712500451456,-0.14072785761998832
2024-12-24,0.1205238324278358,0.9908497390556772,-0.1684023986928669,0.7245740099353281,-0.34518173784050254,-0.37711506733605665,0.27997248719076995,-0.4011978582517968,-0.27515712500451456,-0.14072785761998832,0.49416268606243513
2024-12-26,0.9908497390556772,-0.1684023986928669,0.7245740099353281,-0.34518173784050254,-0.37711506733605665,0.27997248719076995,-0.4011978582517968,-0.27515712500451456,-0.14072785761998832,0.49416268606243513,-0.29206138514689806
2024-12-27,-0.1684023986928669,0.7245740099353281,-0.34518173784050254,-0.37711506733605665,0.27997248719076995,-0.4011978582517968,-0.27515712500451456,-0.14072785761998832,0.49416268606243513,-0.29206138514689806,0.5610269111117633
2024-12-30,0.7245740099353281,-0.34518173784050254,-0.37711506733605665,0.27997248719076995,-0.4011978582517968,-0.27515712500451456,-0.14072785761998832,0.49416268606243513,-0.29206138514689806,0.5610269111117633,0.2144841443419056
2024-12-31,-0.34518173784050254,-0.37711506733605665,0.27997248719076995,-0.4011978582517968,-0.27515712500451456,-0.14072785761998832,0.49416268606243513,-0.29206138514689806,0.5610269111117633,0.2144841443419056,0.4076879622614725
2025-01-02,-0.37711506733605665,0.27997248719076995,-0.4011978582517968,-0.27515712500451456,-0.14072785761998832,0.49416268606243513,-0.29206138514689806,0.5610269111117633,0.2144841443419056,0.4076879622614725,0.785694964736058
2025-01-03,0.27997248719076995,-0.4011978582517968,-0.27515712500451456,-0.14072785761998832,0.49416268606243513,-0.29206138514689806,0.5610269111117633,0.2144841443419056,0.4076879622614725,0.785694964736058,0.45085900148539737
2025-01-06,-0.4011978582517968,-0.27515712500451456,-0.14072785761998832,0.49416268606243513,-0.29206138514689806,0.5610269111117633,0.2144841443419056,0.4076879622614725,0.785694964736058,0.45085900148539737,-0.2328202860892889
2025-01-07,-0.27515712500451456,-0.14072785761998832,0.49416268606243513,-0.29206138514689806,0.5610269111117633,0.2144841443419056,0.4076879622614725,0.785694964736058,0.45085900148539737,-0.2328202860892889,0.371097088519018
2025-01-08,-0.14072785761998832,0.49416268606243513,-0.29206138514689806,0.5610269111117633,0.2144841443419056,0.4076879622614725,0.785694964736058,0.45085900148539737,-0.2328202860892889,0.371097088519018,-0.5266614552811204
2025-01-09,0.49416268606243513,-0.29206138514689806,0.5610269111117633,0.2144841443419056,0.4076879622614725,0.785694964736058,0.45085900148539737,-0.2328202860892889,0.371097088519018,-0.5266614552811204,0.3225516036128924
2025-01-10,-0.29206138514689806,0.5610269111117633,0.2144841443419056,0.4076879622614725,0.785694964736058,0.45085900148539737,-0.2328202860892889,0.371097088519018,-0.5266614552811204,0.3225516036128924,1.4302651299412217
2025-01-13,0.5610269111117633,0.2144841443419056,0.4076879622614725,0.785694964736058,0.45085900148539737,-0.2328202860892889,0.371097088519018,-0.5266614552811204,0.3225516036128924,1.4302651299412217,1.1741006503556817
2025-01-14,0.2144841443419056,0.4076879622614725,0.785694964736058,0.45085900148539737,-0.2328202860892889,0.371097088519018,-0.5266614552811204,0.3225516036128924,1.4302651299412217,1.1741006503556817,-0.7019707965892502
2025-01-15,0.4076879622614725,0.785694964736058,0.45085900148539737,-0.2328202860892889,0.371097088519018,-0.5266614552811204,0.3225516036128924,1.4302651299412217,1.1741006503556817,-0.7019707965892502,1.3086029121559135
2025-01-16,0.785694964736058,0.45085900148539737,-0.2328202860892889,0.371097088519018,-0.5266614552811204,0.3225516036128924,1.4302651299412217,1.1741006503556817,-0.7019707965892502,1.3086029121559135,-0.712146627425112
2025-01-17,0.45085900148539737,-0.2328202860892889,0.371097088519018,-0.5266614552811204,0.3225516036128924,1.4302651299412217,1.1741006503556817,-0.7019707965892502,1.3086029121559135,-0.712146627425112,-0.42909371851762423
2025-01-21,-0.2328202860892889,0.371097088519018,-0.5266614552811204,0.3225516036128924,1.4302651299412217,1.1741006503556817,-0.7019707965892502,1.3086029121559135,-0.712146627425112,-0.42909371851762423,-1.0700388133669465
2025-01-22,0.371097088519018,-0.5266614552811204,0.3225516036128924,1.4302651299412217,1.1741006503556817,-0.7019707965892502,1.3086029121559135,-0.712146627425112,-0.42909371851762423,-1.0700388133669465,-0.2542698693663813
2025-01-23,-0.5266614552811204,0.3225516036128924,1.4302651299412217,1.1741006503556817,-0.7019707965892502,1.3086029121559135,-0.712146627425112,-0.42909371851762423,-1.0700388133669465,-0.2542698693663813,-0.4581128851083729
2025-01-24,0.3225516036128924,1.4302651299412217,1.1741006503556817,-0.7019707965892502,1.3086029121559135,-0.712146627425112,-0.42909371851762423,-1.0700388133669465,-0.2542698693663813,-0.4581128851083729,0.01100407645851471
2025-01-27,1.4302651299412217,1.1741006503556817,-0.7019707965892502,1.3086029121559135,-0.712146627425112,-0.42909371851762423,-1.0700388133669465,-0.2542698693663813,-0.4581128851083729,0.01100407645851471,-0.8357793899819742
2025-01-28,1.1741006503556817,-0.7019707965892502,1.3086029121559135,-0.712146627425112,-0.42909371851762423,-1.0700388133669465,-0.2542698693663813,-0.4581128851083729,0.01100407645851471,-0.8357793899819742,0.32323245903407355
2025-01-29,-0.7019707965892502,1.3086029121559135,-0.712146627425112,-0.42909371851762423,-1.0700388133669465,-0.2542698693663813,-0.4581128851083729,0.01100407645851471,-0.8357793899819742,0.32323245903407355,-0.653805492543834
2025-01-30,1.3086029121559135,-0.712146627425112,-0.42909371851762423,-1.0700388133669465,-0.2542698693663813,-0.4581128851083729,0.01100407645851471,-0.8357793899819742,0.32323245903407355,-0.653805492543834,0.05100810989854173
2025-01-31,-0.712146627425112,-0.42909371851762423,-1.0700388133669465,-0.2542698693663813,-0.4581128851083729,0.01100407645851471,-0.8357793899819742,0.32323245903407355,-0.653805492543834,0.05100810989854173,-0.1236003836218014
2025-02-03,-0.42909371851762423,-1.0700388133669465,-0.2542698693663813,-0.4581128851083729,0.01100407645851471,-0.8357793899819742,0.32323245903407355,-0.653805492543834,0.05100810989854173,-0.1236003836218014,0.34295452833085627
2025-02-04,-1.0700388133669465,-0.2542698693663813,-0.4581128851083729,0.01100407645851471,-0.8357793899819742,0.32323245903407355,-0.653805492543834,0.05100810989854173,-0.1236003836218014,0.34295452833085627,-0.26901183747835733
2025-02-05,-0.2542698693663813,-0.4581128851083729,0.01100407645851471,-0.8357793899819742,0.32323245903407355,-0.653805492543834,0.05100810989854173,-0.1236003836218014,0.34295452833085627,-0.26901183747835733,-0.9618044748419008
2025-02-06,-0.4581128851083729,0.01100407645851471,-0.8357793899819742,0.32323245903407355,-0.653805492543834,0.05100810989854173,-0.1236003836218014,0.34295452833085627,-0.26901183747835733,-0.9618044748419008,-0.25358552500532144
2025-02-07,0.01100407645851471,-0.8357793899819742,0.32323245903407355,-0.653805492543834,0.05100810989854173,-0.1236003836218014,0.34295452833085627,-0.26901183747835733,-0.9618044748419008,-0.25358552500532144,0.21445230228124476
2025-02-10,-0.8357793899819742,0.32323245903407355,-0.653805492543834,0.05100810989854173,-0.1236003836218014,0.34295452833085627,-0.26901183747835733,-0.9618044748419008,-0.25358552500532144,0.21445230228124476,0.74280778858893
2025-02-11,0.32323245903407355,-0.653805492543834,0.05100810989854173,-0.1236003836218014,0.34295452833085627,-0.26901183747835733,-0.9618044748419008,-0.25358552500532144,0.21445230228124476,0.74280778858893,0.5509819385948814
2025-02-12,-0.653805492543834,0.05100810989854173,-0.1236003836218014,0.34295452833085627,-0.26901183747835733,-0.9618044748419008,-0.25358552500532144,0.21445230228124476,0.74280778858893,0.5509819385948814,-1.113883305882765
2025-02-13,0.05100810989854173,-0.1236003836218014,0.34295452833085627,-0.26901183747835733,-0.9618044748419008,-0.25358552500532144,0.21445230228124476,0.74280778858893,0.5509819385948814,-1.113883305882765,-0.05681610911215698
2025-02-14,-0.1236003836218014,0.34295452833085627,-0.26901183747835733,-0.9618044748419008,-0.25358552500532144,0.21445230228124476,0.74280778858893,0.5509819385948814,-1.113883305882765,-0.05681610911215698,-0.3278261901014943
2025-02-18,0.34295452833085627,-0.26901183747835733,-0.9618044748419008,-0.25358552500532144,0.21445230228124476,0.74280778858893,0.5509819385948814,-1.113883305882765,-0.05681610911215698,-0.3278261901014943,0.6261361257646809
2025-02-19,-0.26901183747835733,-0.9618044748419008,-0.25358552500532144,0.21445230228124476,0.74280778858893,0.5509819385948814,-1.113883305882765,-0.05681610911215698,-0.3278261901014943,0.6261361257646809,0.2162381340405049
2025-02-20,-0.9618044748419008,-0.25358552500532144,0.21445230228124476,0.74280778858893,0.5509819385948814,-1.113883305882765,-0.05681610911215698,-0.3278261901014943,0.6261361257646809,0.2162381340405049,0.16990111371574518
2025-02-21,-0.25358552500532144,0.21445230228124476,0.74280778858893,0.5509819385948814,-1.113883305882765,-0.05681610911215698,-0.3278261901014943,0.6261361257646809,0.2162381340405049,0.16990111371574518,-1.2531069762377958
2025-02-24,0.21445230228124476,0.74280778858893,0.5509819385948814,-1.113883305882765,-0.05681610911215698,-0.3278261901014943,0.6261361257646809,0.2162381340405049,0.16990111371574518,-1.2531069762377958,0.16306639154776187
2025-02-25,0.74280778858893,0.5509819385948814,-1.113883305882765,-0.05681610911215698,-0.3278261901014943,0.6261361257646809,0.2162381340405049,0.16990111371574518,-1.2531069762377958,0.16306639154776187,-1.0483443658834362
2025-02-26,0.5509819385948814,-1.113883305882765,-0.05681610911215698,-0.3278261901014943,0.6261361257646809,0.2162381340405049,0.16990111371574518,-1.2531069762377958,0.16306639154776187,-1.0483443658834362,-0.19535619224311548
2025-02-27,-1.113883305882765,-0.05681610911215698,-0.3278261901014943,0.6261361257646809,0.2162381340405049,0.16990111371574518,-1.2531069762377958,0.16306639154776187,-1.0483443658834362,-0.19535619224311548,1.0078643391878894
2025-02-28,-0.05681610911215698,-0.3278261901014943,0.6261361257646809,0.2162381340405049,0.16990111371574518,-1.2531069762377958,0.16306639154776187,-1.0483443658834362,-0.19535619224311548,1.0078643391878894,-0.3555283628966527
2025-03-03,-0.3278261901014943,0.6261361257646809,0.2162381340405049,0.16990111371574518,-1.2531069762377958,0.16306639154776187,-1.0483443658834362,-0.19535619224311548,1.0078643391878894,-0.3555283628966527,-0.8344533178336134
2025-03-04,0.6261361257646809,0.2162381340405049,0.16990111371574518,-1.2531069762377958,0.16306639154776187,-1.0483443658834362,-0.19535619224311548,1.0078643391878894,-0.3555283628966527,-0.8344533178336134,-0.07680930976612446
2025-03-05,0.2162381340405049,0.16990111371574518,-1.2531069762377958,0.16306639154776187,-1.0483443658834362,-0.19535619224311548,1.0078643391878894,-0.3555283628966527,-0.8344533178336134,-0.07680930976612446,-1.196844449176624
2025-03-06,0.16990111371574518,-1.2531069762377958,0.16306639154776187,-1.0483443658834362,-0.19535619224311548,1.0078643391878894,-0.3555283628966527,-0.8344533178336134,-0.07680930976612446,-1.196844449176624,0.01991907144678402
2025-03-07,-1.2531069762377958,0.16306639154776187,-1.0483443658834362,-0.19535619224311548,1.0078643391878894,-0.3555283628966527,-0.8344533178336134,-0.07680930976612446,-1.196844449176624,0.01991907144678402,0.4062280924823564
2025-03-10,0.16306639154776187,-1.0483443658834362,-0.19535619224311548,1.0078643391878894,-0.3555283628966527,-0.8344533178336134,-0.07680930976612446,-1.196844449176624,0.01991907144678402,0.4062280924823564,-0.6320623525225542
2025-03-11,-1.0483443658834362,-0.19535619224311548,1.0078643391878894,-0.3555283628966527,-0.8344533178336134,-0.07680930976612446,-1.196844449176624,0.01991907144678402,0.4062280924823564,-0.6320623525225542,0.125179129166567
2025-03-12,-0.19535619224311548,1.0078643391878894,-0.3555283628966527,-0.8344533178336134,-0.07680930976612446,-1.196844449176624,0.01991907144678402,0.4062280924823564,-0.6320623525225542,0.125179129166567,0.8628765341625959
2025-03-13,1.0078643391878894,-0.3555283628966527,-0.8344533178336134,-0.07680930976612446,-1.196844449176624,0.01991907144678402,0.4062280924823564,-0.6320623525225542,0.125179129166567,0.8628765341625959,-0.699855269420738
2025-03-14,-0.3555283628966527,-0.8344533178336134,-0.07680930976612446,-1.196844449176624,0.01991907144678402,0.4062280924823564,-0.6320623525225542,0.125179129166567,0.8628765341625959,-0.699855269420738,0.37459907885253085
2025-03-17,-0.8344533178336134,-0.07680930976612446,-1.196844449176624,0.01991907144678402,0.4062280924823564,-0.6320623525225542,0.125179129166567,0.8628765341625959,-0.699855269420738,0.37459907885253085,0.23198248020446996
2025-03-18,-0.07680930976612446,-1.196844449176624,0.01991907144678402,0.4062280924823564,-0.6320623525225542,0.125179129166567,0.8628765341625959,-0.699855269420738,0.37459907885253085,0.23198248020446996,-0.42472645552980537
2025-03-19,-1.196844449176624,0.01991907144678402,0.4062280924823564,-0.6320623525225542,0.125179129166567,0.8628765341625959,-0.699855269420738,0.37459907885253085,0.23198248020446996,-0.42472645552980537,0.14778997005981398
2025-03-20,0.01991907144678402,0.4062280924823564,-0.6320623525225542,0.125179129166567,0.8628765341625959,-0.699855269420738,0.37459907885253085,0.23198248020446996,-0.42472645552980537,0.14778997005981398,0.6538228757037533
2025-03-21,0.4062280924823564,-0.6320623525225542,0.125179129166567,0.8628765341625959,-0.699855269420738,0.37459907885253085,0.23198248020446996,-0.42472645552980537,0.14778997005981398,0.6538228757037533,0.00106063812399779
2025-03-24,-0.6320623525225542,0.125179129166567,0.8628765341625959,-0.699855269420738,0.37459907885253085,0.23198248020446996,-0.42472645552980537,0.14778997005981398,0.6538228757037533,0.00106063812399779,0.4834625518364347
2025-03-25,0.125179129166567,0.8628765341625959,-0.699855269420738,0.37459907885253085,0.23198248020446996,-0.42472645552980537,0.14778997005981398,0.6538228757037533,0.00106063812399779,0.4834625518364347,-0.07610328115369416
2025-03-26,0.8628765341625959,-0.699855269420738,0.37459907885253085,0.23198248020446996,-0.42472645552980537,0.14778997005981398,0.6538228757037533,0.00106063812399779,0.4834625518364347,-0.07610328115369416,0.3727258616205379
2025-03-27,-0.699855269420738,0.37459907885253085,0.23198248020446996,-0.42472645552980537,0.14778997005981398,0.6538228757037533,0.00106063812399779,0.4834625518364347,-0.07610328115369416,0.3727258616205379,0.14738432472763097
2025-03-28,0.37459907885253085,0.23198248020446996,-0.42472645552980537,0.14778997005981398,0.6538228757037533,0.00106063812399779,0.4834625518364347,-0.07610328115369416,0.3727258616205379,0.14738432472763097,-0.33995571376115563
2025-03-31,0.23198248020446996,-0.42472645552980537,0.14778997005981398,0.6538228757037533,0.00106063812399779,0.4834625518364347,-0.07610328115369416,0.3727258616205379,0.14738432472763097,-0.33995571376115563,1.2209911032185827
2025-04-01,-0.42472645552980537,0.14778997005981398,0.6538228757037533,0.00106063812399779,0.4834625518364347,-0.07610328115369416,0.3727258616205379,0.14738432472763097,-0.33995571376115563,1.2209911032185827,-0.17152337372325793
2025-04-02,0.14778997005981398,0.6538228757037533,0.00106063812399779,0.4834625518364347,-0.07610328115369416,0.3727258616205379,0.14738432472763097,-0.33995571376115563,1.2209911032185827,-0.17152337372325793,0.2811201431267709
2025-04-03,0.6538228757037533,0.00106063812399779,0.4834625518364347,-0.07610328115369416,0.3727258616205379,0.14738432472763097,-0.33995571376115563,1.2209911032185827,-0.17152337372325793,0.2811201431267709,-2.821299622962348
2025-04-04,0.00106063812399779,0.4834625518364347,-0.07610328115369416,0.3727258616205379,0.14738432472763097,-0.33995571376115563,1.2209911032185827,-0.17152337372325793,0.2811201431267709,-2.821299622962348,-3.160453417509534
2025-04-07,0.4834625518364347,-0.07610328115369416,0.3727258616205379,0.14738432472763097,-0.33995571376115563,1.2209911032185827,-0.17152337372325793,0.2811201431267709,-2.821299622962348,-3.160453417509534,-0.8713918815227367
2025-04-08,-0.07610328115369416,0.3727258616205379,0.14738432472763097,-0.33995571376115563,1.2209911032185827,-0.17152337372325793,0.2811201431267709,-2.821299622962348,-3.160453417509534,-0.8713918815227367,-0.7729583812240898
2025-04-09,0.3727258616205379,0.14738432472763097,-0.33995571376115563,1.2209911032185827,-0.17152337372325793,0.2811201431267709,-2.821299622962348,-3.160453417509534,-0.8713918815227367,-0.7729583812240898,1.8485110442240784
2025-04-10,0.14738432472763097,-0.33995571376115563,1.2209911032185827,-0.17152337372325793,0.2811201431267709,-2.821299622962348,-3.160453417509534,-0.8713918815227367,-0.7729583812240898,1.8485110442240784,-1.5352232061328297
2025-04-11,-0.33995571376115563,1.2209911032185827,-0.17152337372325793,0.2811201431267709,-2.821299622962348,-3.160453417509534,-0.8713918815227367,-0.7729583812240898,1.8485110442240784,-1.5352232061328297,0.9517235270327123
2025-04-14,1.2209911032185827,-0.17152337372325793,0.2811201431267709,-2.821299622962348,-3.160453417509534,-0.8713918815227367,-0.7729583812240898,1.8485110442240784,-1.5352232061328297,0.9517235270327123,0.00902973838360317
2025-04-15,-0.17152337372325793,0.2811201431267709,-2.821299622962348,-3.160453417509534,-0.8713918815227367,-0.7729583812240898,1.8485110442240784,-1.5352232061328297,0.9517235270327123,0.00902973838360317,-0.14413859595150952
2025-04-16,0.2811201431267709,-2.821299622962348,-3.160453417509534,-0.8713918815227367,-0.7729583812240898,1.8485110442240784,-1.5352232061328297,0.9517235270327123,0.00902973838360317,-0.14413859595150952,0.742663625641474
2025-04-17,-2.821299622962348,-3.160453417509534,-0.8713918815227367,-0.7729583812240898,1.8485110442240784,-1.5352232061328297,0.9517235270327123,0.00902973838360317,-0.14413859595150952,0.742663625641474,1.411591663048776
2025-04-21,-3.160453417509534,-0.8713918815227367,-0.7729583812240898,1.8485110442240784,-1.5352232061328297,0.9517235270327123,0.00902973838360317,-0.14413859595150952,0.742663625641474,1.411591663048776,-1.0358326489152396
2025-04-22,-0.8713918815227367,-0.7729583812240898,1.8485110442240784,-1.5352232061328297,0.9517235270327123,0.00902973838360317,-0.14413859595150952,0.742663625641474,1.411591663048776,-1.0358326489152396,0.7792437318511599
2025-04-23,-0.7729583812240898,1.8485110442240784,-1.5352232061328297,0.9517235270327123,0.00902973838360317,-0.14413859595150952,0.742663625641474,1.411591663048776,-1.0358326489152396,0.7792437318511599,-1.3299089441575638
2025-04-24,1.8485110442240784,-1.5352232061328297,0.9517235270327123,0.00902973838360317,-0.14413859595150952,0.742663625641474,1.411591663048776,-1.0358326489152396,0.7792437318511599,-1.3299089441575638,0.32934714841406043
2025-04-25,-1.5352232061328297,0.9517235270327123,0.00902973838360317,-0.14413859595150952,0.742663625641474,1.411591663048776,-1.0358326489152396,0.7792437318511599,-1.3299089441575638,0.32934714841406043,0.1386820542666361
2025-04-28,0.9517235270327123,0.00902973838360317,-0.14413859595150952,0.742663625641474,1.411591663048776,-1.0358326489152396,0.7792437318511599,-1.3299089441575638,0.32934714841406043,0.1386820542666361,-0.6456199181761861
2025-04-29,0.00902973838360317,-0.14413859595150952,0.742663625641474,1.411591663048776,-1.0358326489152396,0.7792437318511599,-1.3299089441575638,0.32934714841406043,0.1386820542666361,-0.6456199181761861,-1.1001590627759117
2025-04-30,-0.14413859595150952,0.742663625641474,1.411591663048776,-1.0358326489152396,0.7792437318511599,-1.3299089441575638,0.32934714841406043,0.1386820542666361,-0.6456199181761861,-1.1001590627759117,-1.535628133643629
2025-05-01,0.742663625641474,1.411591663048776,-1.0358326489152396,0.7792437318511599,-1.3299089441575638,0.32934714841406043,0.1386820542666361,-0.6456199181761861,-1.1001590627759117,-1.535628133643629,0.706761116506253
2025-05-02,1.411591663048776,-1.0358326489152396,0.7792437318511599,-1.3299089441575638,0.32934714841406043,0.1386820542666361,-0.6456199181761861,-1.1001590627759117,-1.535628133643629,0.706761116506253,-0.6724128447441875
2025-05-05,-1.0358326489152396,0.7792437318511599,-1.3299089441575638,0.32934714841406043,0.1386820542666361,-0.6456199181761861,-1.1001590627759117,-1.535628133643629,0.706761116506253,-0.6724128447441875,-0.8334114882590689
2025-05-06,0.7792437318511599,-1.3299089441575638,0.32934714841406043,0.1386820542666361,-0.6456199181761861,-1.1001590627759117,-1.535628133643629,0.706761116506253,-0.6724128447441875,-0.8334114882590689,1.36931330751518
2025-05-07,-1.3299089441575638,0.32934714841406043,0.1386820542666361,-0.6456199181761861,-1.1001590627759117,-1.535628133643629,0.706761116506253,-0.6724128447441875,-0.8334114882590689,1.36931330751518,-0.7233993149144887
2025-05-08,0.32934714841406043,0.1386820542666361,-0.6456199181761861,-1.1001590627759117,-1.535628133643629,0.706761116506253,-0.6724128447441875,-0.8334114882590689,1.36931330751518,-0.7233993149144887,1.2654626936323383
2025-05-09,0.1386820542666361,-0.6456199181761861,-1.1001590627759117,-1.535628133643629,0.706761116506253,-0.6724128447441875,-0.8334114882590689,1.36931330751518,-0.7233993149144887,1.2654626936323383,0.7402471150448967
2025-05-12,-0.6456199181761861,-1.1001590627759117,-1.535628133643629,0.706761116506253,-0.6724128447441875,-0.8334114882590689,1.36931330751518,-0.7233993149144887,1.2654626936323383,0.7402471150448967,0.6079891052742373
2025-05-13,-1.1001590627759117,-1.535628133643629,0.706761116506253,-0.6724128447441875,-0.8334114882590689,1.36931330751518,-0.7233993149144887,1.2654626936323383,0.7402471150448967,0.6079891052742373,1.109632397318104
2025-05-14,-1.535628133643629,0.706761116506253,-0.6724128447441875,-0.8334114882590689,1.36931330751518,-0.7233993149144887,1.2654626936323383,0.7402471150448967,0.6079891052742373,1.109632397318104,-0.34647092165012944
2025-05-15,0.706761116506253,-0.6724128447441875,-0.8334114882590689,1.36931330751518,-0.7233993149144887,1.2654626936323383,0.7402471150448967,0.6079891052742373,1.109632397318104,-0.34647092165012944,-1.0144798725371311
2025-05-16,-0.6724128447441875,-0.8334114882590689,1.36931330751518,-0.7233993149144887,1.2654626936323383,0.7402471150448967,0.6079891052742373,1.109632397318104,-0.34647092165012944,-1.0144798725371311,0.5627410997879135
2025-05-19,-0.8334114882590689,1.36931330751518,-0.7233993149144887,1.2654626936323383,0.7402471150448967,0.6079891052742373,1.109632397318104,-0.34647092165012944,-1.0144798725371311,0.5627410997879135,0.1198211403605803
2025-05-20,1.36931330751518,-0.7233993149144887,1.2654626936323383,0.7402471150448967,0.6079891052742373,1.109632397318104,-0.34647092165012944,-1.0144798725371311,0.5627410997879135,0.1198211403605803,-0.09586075785385503
2025-05-21,-0.7233993149144887,1.2654626936323383,0.7402471150448967,0.6079891052742373,1.109632397318104,-0.34647092165012944,-1.0144798725371311,0.5627410997879135,0.1198211403605803,-0.09586075785385503,-0.6636129205968384
2025-05-22,1.2654626936323383,0.7402471150448967,0.6079891052742373,1.109632397318104,-0.34647092165012944,-1.0144798725371311,0.5627410997879135,0.1198211403605803,-0.09586075785385503,-0.6636129205968384,-0.25755501414601195
2025-05-23,0.7402471150448967,0.6079891052742373,1.109632397318104,-0.34647092165012944,-1.0144798725371311,0.5627410997879135,0.1198211403605803,-0.09586075785385503,-0.6636129205968384,-0.25755501414601195,0.20911455232816148
2025-05-27,0.6079891052742373,1.109632397318104,-0.34647092165012944,-1.0144798725371311,0.5627410997879135,0.1198211403605803,-0.09586075785385503,-0.6636129205968384,-0.25755501414601195,0.20911455232816148,-0.43875190110548423
2025-05-28,1.109632397318104,-0.34647092165012944,-1.0144798725371311,0.5627410997879135,0.1198211403605803,-0.09586075785385503,-0.6636129205968384,-0.25755501414601195,0.20911455232816148,-0.43875190110548423,0.6225362747557753
2025-05-29,-0.34647092165012944,-1.0144798725371311,0.5627410997879135,0.1198211403605803,-0.09586075785385503,-0.6636129205968384,-0.25755501414601195,0.20911455232816148,-0.43875190110548423,0.6225362747557753,-0.6107997086540141
2025-05-30,-1.0144798725371311,0.5627410997879135,0.1198211403605803,-0.09586075785385503,-0.6636129205968384,-0.25755501414601195,0.20911455232816148,-0.43875190110548423,0.6225362747557753,-0.6107997086540141,-0.11176243377771612
2025-06-02,0.5627410997879135,0.1198211403605803,-0.09586075785385503,-0.6636129205968384,-0.25755501414601195,0.20911455232816148,-0.43875190110548423,0.6225362747557753,-0.6107997086540141,-0.11176243377771612,1.137265989321074
2025-06-03,0.1198211403605803,-0.09586075785385503,-0.6636129205968384,-0.25755501414601195,0.20911455232816148,-0.43875190110548423,0.6225362747557753,-0.6107997086540141,-0.11176243377771612,1.137265989321074,0.5674452657433944
2025-06-04,-0.09586075785385503,-0.6636129205968384,-0.25755501414601195,0.20911455232816148,-0.43875190110548423,0.6225362747557753,-0.6107997086540141,-0.11176243377771612,1.137265989321074,0.5674452657433944,-0.3738885134125792
2025-06-05,-0.6636129205968384,-0.25755501414601195,0.20911455232816148,-0.43875190110548423,0.6225362747557753,-0.6107997086540141,-0.11176243377771612,1.137265989321074,0.5674452657433944,-0.3738885134125792,0.32621992613699313
2025-06-06,-0.25755501414601195,0.20911455232816148,-0.43875190110548423,0.6225362747557753,-0.6107997086540141,-0.11176243377771612,1.137265989321074,0.5674452657433944,-0.3738885134125792,0.32621992613699313,0.7629969241535041
2025-06-09,0.20911455232816148,-0.43875190110548423,0.6225362747557753,-0.6107997086540141,-0.11176243377771612,1.137265989321074,0.5674452657433944,-0.3738885134125792,0.32621992613699313,0.7629969241535041,0.4364705370714261
2025-06-10,-0.43875190110548423,0.6225362747557753,-0.6107997086540141,-0.11176243377771612,1.137265989321074,0.5674452657433944,-0.3738885134125792,0.32621992613699313,0.7629969241535041,0.4364705370714261,-0.2056630090568373
2025-06-11,0.6225362747557753,-0.6107997086540141,-0.11176243377771612,1.137265989321074,0.5674452657433944,-0.3738885134125792,0.32621992613699313,0.7629969241535041,0.4364705370714261,-0.2056630090568373,1.9380353383932651
2025-06-12,-0.6107997086540141,-0.11176243377771612,1.137265989321074,0.5674452657433944,-0.3738885134125792,0.32621992613699313,0.7629969241535041,0.4364705370714261,-0.2056630090568373,1.9380353383932651,-0.07702217112463966
2025-06-13,-0.11176243377771612,1.137265989321074,0.5674452657433944,-0.3738885134125792,0.32621992613699313,0.7629969241535041,0.4364705370714261,-0.2056630090568373,1.9380353383932651,-0.07702217112463966,2.856961556693311
2025-06-16,1.137265989321074,0.5674452657433944,-0.3738885134125792,0.32621992613699313,0.7629969241535041,0.4364705370714261,-0.2056630090568373,1.9380353383932651,-0.07702217112463966,2.856961556693311,-0.6950201962359167
2025-06-17,0.5674452657433944,-0.3738885134125792,0.32621992613699313,0.7629969241535041,0.4364705370714261,-0.2056630090568373,1.9380353383932651,-0.07702217112463966,2.856961556693311,-0.6950201962359167,1.7029380244072594
2025-06-18,-0.3738885134125792,0.32621992613699313,0.7629969241535041,0.4364705370714261,-0.2056630090568373,1.9380353383932651,-0.07702217112463966,2.856961556693311,-0.6950201962359167,1.7029380244072594,0.1527689080177286
2025-06-20,0.32621992613699313,0.7629969241535041,0.4364705370714261,-0.2056630090568373,1.9380353383932651,-0.07702217112463966,2.856961556693311,-0.6950201962359167,1.7029380244072594,0.1527689080177286,-0.12543903810407347
2025-06-23,0.7629969241535041,0.4364705370714261,-0.2056630090568373,1.9380353383932651,-0.07702217112463966,2.856961556693311,-0.6950201962359167,1.7029380244072594,0.1527689080177286,-0.12543903810407347,-3.4890920261449767
2025-06-24,0.4364705370714261,-0.2056630090568373,1.9380353383932651,-0.07702217112463966,2.856961556693311,-0.6950201962359167,1.7029380244072594,0.1527689080177286,-0.12543903810407347,-3.4890920261449767,-2.5613865278799106
2025-06-25,-0.2056630090568373,1.9380353383932651,-0.07702217112463966,2.856961556693311,-0.6950201962359167,1.7029380244072594,0.1527689080177286,-0.12543903810407347,-3.4890920261449767,-2.5613865278799106,0.3372001010751513
2025-06-26,1.9380353383932651,-0.07702217112463966,2.856961556693311,-0.6950201962359167,1.7029380244072594,0.1527689080177286,-0.12543903810407347,-3.4890920261449767,-2.5613865278799106,0.3372001010751513,0.1902676708468204
2025-06-27,-0.07702217112463966,2.856961556693311,-0.6950201962359167,1.7029380244072594,0.1527689080177286,-0.12543903810407347,-3.4890920261449767,-2.5613865278799106,0.3372001010751513,0.1902676708468204,0.164310214113756
2025-06-30,2.856961556693311,-0.6950201962359167,1.7029380244072594,0.1527689080177286,-0.12543903810407347,-3.4890920261449767,-2.5613865278799106,0.3372001010751513,0.1902676708468204,0.164310214113756,-0.26777206866017134
2025-07-01,-0.6950201962359167,1.7029380244072594,0.1527689080177286,-0.12543903810407347,-3.4890920261449767,-2.5613865278799106,0.3372001010751513,0.1902676708468204,0.164310214113756,-0.26777206866017134,0.2021852034311931
2025-07-02,1.7029380244072594,0.1527689080177286,-0.12543903810407347,-3.4890920261449767,-2.5613865278799106,0.3372001010751513,0.1902676708468204,0.164310214113756,-0.26777206866017134,0.2021852034311931,1.2206922304111567
2025-07-03,0.1527689080177286,-0.12543903810407347,-3.4890920261449767,-2.5613865278799106,0.3372001010751513,0.1902676708468204,0.164310214113756,-0.26777206866017134,0.2021852034311931,1.2206922304111567,-0.2848217763029851
2025-07-04,-0.12543903810407347,-3.4890920261449767,-2.5613865278799106,0.3372001010751513,0.1902676708468204,0.164310214113756,-0.26777206866017134,0.2021852034311931,1.2206922304111567,-0.2848217763029851,-0.3174228404923492
2025-07-07,-3.4890920261449767,-2.5613865278799106,0.3372001010751513,0.1902676708468204,0.164310214113756,-0.26777206866017134,0.2021852034311931,1.2206922304111567,-0.2848217763029851,-0.3174228404923492,0.8596262669089639
2025-07-08,-2.5613865278799106,0.3372001010751513,0.1902676708468204,0.164310214113756,-0.26777206866017134,0.2021852034311931,1.2206922304111567,-0.2848217763029851,-0.3174228404923492,0.8596262669089639,0.2293084582511784
2025-07-09,0.3372001010751513,0.1902676708468204,0.164310214113756,-0.26777206866017134,0.2021852034311931,1.2206922304111567,-0.2848217763029851,-0.3174228404923492,0.8596262669089639,0.2293084582511784,0.01900303379236525
2025-07-10,0.1902676708468204,0.164310214113756,-0.26777206866017134,0.2021852034311931,1.2206922304111567,-0.2848217763029851,-0.3174228404923492,0.8596262669089639,0.2293084582511784,0.01900303379236525,-1.1085867848515076
2025-07-11,0.164310214113756,-0.26777206866017134,0.2021852034311931,1.2206922304111567,-0.2848217763029851,-0.3174228404923492,0.8596262669089639,0.2293084582511784,0.01900303379236525,-1.1085867848515076,1.1286033763013616
2025-07-14,-0.26777206866017134,0.2021852034311931,1.2206922304111567,-0.2848217763029851,-0.3174228404923492,0.8596262669089639,0.2293084582511784,0.01900303379236525,-1.1085867848515076,1.1286033763013616,-0.8992153438686853
2025-07-15,0.2021852034311931,1.2206922304111567,-0.2848217763029851,-0.3174228404923492,0.8596262669089639,0.2293084582511784,0.01900303379236525,-1.1085867848515076,1.1286033763013616,-0.8992153438686853,-0.2929068683074766
2025-07-16,1.2206922304111567,-0.2848217763029851,-0.3174228404923492,0.8596262669089639,0.2293084582511784,0.01900303379236525,-1.1085867848515076,1.1286033763013616,-0.8992153438686853,-0.2929068683074766,-0.09713057733597431
2025-07-17,-0.2848217763029851,-0.3174228404923492,0.8596262669089639,0.2293084582511784,0.01900303379236525,-1.1085867848515076,1.1286033763013616,-0.8992153438686853,-0.2929068683074766,-0.09713057733597431,0.6979389810718901
2025-07-18,-0.3174228404923492,0.8596262669089639,0.2293084582511784,0.01900303379236525,-1.1085867848515076,1.1286033763013616,-0.8992153438686853,-0.2929068683074766,-0.09713057733597431,0.6979389810718901,-0.13227164874171057
2025-07-21,0.8596262669089639,0.2293084582511784,0.01900303379236525,-1.1085867848515076,1.1286033763013616,-0.8992153438686853,-0.2929068683074766,-0.09713057733597431,0.6979389810718901,-0.13227164874171057,-0.0960797493762756
2025-07-22,0.2293084582511784,0.01900303379236525,-1.1085867848515076,1.1286033763013616,-0.8992153438686853,-0.2929068683074766,-0.09713057733597431,0.6979389810718901,-0.13227164874171057,-0.0960797493762756,-0.6182078504764217
2025-07-23,0.01900303379236525,-1.1085867848515076,1.1286033763013616,-0.8992153438686853,-0.2929068683074766,-0.09713057733597431,0.6979389810718901,-0.13227164874171057,-0.0960797493762756,-0.6182078504764217,-0.6085407910133058
2025-07-24,-1.1085867848515076,1.1286033763013616,-0.8992153438686853,-0.2929068683074766,-0.09713057733597431,0.6979389810718901,-0.13227164874171057,-0.0960797493762756,-0.6182078504764217,-0.6085407910133058,0.47530169055572824
2025-07-25,1.1286033763013616,-0.8992153438686853,-0.2929068683074766,-0.09713057733597431,0.6979389810718901,-0.13227164874171057,-0.0960797493762756,-0.6182078504764217,-0.6085407910133058,0.47530169055572824,-0.5536246463379886
2025-07-28,-0.8992153438686853,-0.2929068683074766,-0.09713057733597431,0.6979389810718901,-0.13227164874171057,-0.0960797493762756,-0.6182078504764217,-0.6085407910133058,0.47530169055572824,-0.5536246463379886,0.9510026461274212
2025-07-29,-0.2929068683074766,-0.09713057733597431,0.6979389810718901,-0.13227164874171057,-0.0960797493762756,-0.6182078504764217,-0.6085407910133058,0.47530169055572824,-0.5536246463379886,0.9510026461274212,1.4944459047401095
2025-07-30,-0.09713057733597431,0.6979389810718901,-0.13227164874171057,-0.0960797493762756,-0.6182078504764217,-0.6085407910133058,0.47530169055572824,-0.5536246463379886,0.9510026461274212,1.4944459047401095,0.45348352361963745
2025-07-31,0.6979389810718901,-0.13227164874171057,-0.0960797493762756,-0.6182078504764217,-0.6085407910133058,0.47530169055572824,-0.5536246463379886,0.9510026461274212,1.4944459047401095,0.45348352361963745,-0.4457806420465471
2025-08-01,-0.13227164874171057,-0.0960797493762756,-0.6182078504764217,-0.6085407910133058,0.47530169055572824,-0.5536246463379886,0.9510026461274212,1.4944459047401095,0.45348352361963745,-0.4457806420465471,-1.1673161796426743
2025-08-04,-0.0960797493762756,-0.6182078504764217,-0.6085407910133058,0.47530169055572824,-0.5536246463379886,0.9510026461274212,1.4944459047401095,0.45348352361963745,-0.4457806420465471,-1.1673161796426743,-0.6478791890336885
2025-08-05,-0.6182078504764217,-0.6085407910133058,0.47530169055572824,-0.5536246463379886,0.9510026461274212,1.4944459047401095,0.45348352361963745,-0.4457806420465471,-1.1673161796426743,-0.6478791890336885,-0.7144259855972483
2025-08-06,-0.6085407910133058,0.47530169055572824,-0.5536246463379886,0.9510026461274212,1.4944459047401095,0.45348352361963745,-0.4457806420465471,-1.1673161796426743,-0.6478791890336885,-0.7144259855972483,-0.5227567408836061
2025-08-07,0.47530169055572824,-0.5536246463379886,0.9510026461274212,1.4944459047401095,0.45348352361963745,-0.4457806420465471,-1.1673161796426743,-0.6478791890336885,-0.7144259855972483,-0.5227567408836061,-0.31087190998658293
2025-08-08,-0.5536246463379886,0.9510026461274212,1.4944459047401095,0.45348352361963745,-0.4457806420465471,-1.1673161796426743,-0.6478791890336885,-0.7144259855972483,-0.5227567408836061,-0.31087190998658293,-0.01092427454757058
2025-08-11,0.9510026461274212,1.4944459047401095,0.45348352361963745,-0.4457806420465471,-1.1673161796426743,-0.6478791890336885,-0.7144259855972483,-0.5227567408836061,-0.31087190998658293,-0.01092427454757058,0.04028518471958849
2025-08-12,1.4944459047401095,0.45348352361963745,-0.4457806420465471,-1.1673161796426743,-0.6478791890336885,-0.7144259855972483,-0.5227567408836061,-0.31087190998658293,-0.01092427454757058,0.04028518471958849,-0.5194615884387636
2025-08-13,0.45348352361963745,-0.4457806420465471,-1.1673161796426743,-0.6478791890336885,-0.7144259855972483,-0.5227567408836061,-0.31087190998658293,-0.01092427454757058,0.04028518471958849,-0.5194615884387636,-0.3491378303593019
2025-08-14,-0.4457806420465471,-1.1673161796426743,-0.6478791890336885,-0.7144259855972483,-0.5227567408836061,-0.31087190998658293,-0.01092427454757058,0.04028518471958849,-0.5194615884387636,-0.3491378303593019,0.8358265951553544
2025-08-15,-1.1673161796426743,-0.6478791890336885,-0.7144259855972483,-0.5227567408836061,-0.31087190998658293,-0.01092427454757058,0.04028518471958849,-0.5194615884387636,-0.3491378303593019,0.8358265951553544,-0.7598271678512382
2025-08-18,-0.6478791890336885,-0.7144259855972483,-0.5227567408836061,-0.31087190998658293,-0.01092427454757058,0.04028518471958849,-0.5194615884387636,-0.3491378303593019,0.8358265951553544,-0.7598271678512382,0.3910552617686751
2025-08-19,-0.7144259855972483,-0.5227567408836061,-0.31087190998658293,-0.01092427454757058,0.04028518471958849,-0.5194615884387636,-0.3491378303593019,0.8358265951553544,-0.7598271678512382,0.3910552617686751,-0.7071575249948812
2025-08-20,-0.5227567408836061,-0.31087190998658293,-0.01092427454757058,0.04028518471958849,-0.5194615884387636,-0.3491378303593019,0.8358265951553544,-0.7598271678512382,0.3910552617686751,-0.7071575249948812,0.5495967794076395
2025-08-21,-0.31087190998658293,-0.01092427454757058,0.04028518471958849,-0.5194615884387636,-0.3491378303593019,0.8358265951553544,-0.7598271678512382,0.3910552617686751,-0.7071575249948812,0.5495967794076395,0.1892566672764903
2025-08-22,-0.01092427454757058,0.04028518471958849,-0.5194615884387636,-0.3491378303593019,0.8358265951553544,-0.7598271678512382,0.3910552617686751,-0.7071575249948812,0.5495967794076395,0.1892566672764903,0.07915920930758093
2025-08-25,0.04028518471958849,-0.5194615884387636,-0.3491378303593019,0.8358265951553544,-0.7598271678512382,0.3910552617686751,-0.7071575249948812,0.5495967794076395,0.1892566672764903,0.07915920930758093,0.7153275281833992
2025-08-26,-0.5194615884387636,-0.3491378303593019,0.8358265951553544,-0.7598271678512382,0.3910552617686751,-0.7071575249948812,0.5495967794076395,0.1892566672764903,0.07915920930758093,0.7153275281833992,-1.001555128663539
2025-08-27,-0.3491378303593019,0.8358265951553544,-0.7598271678512382,0.3910552617686751,-0.7071575249948812,0.5495967794076395,0.1892566672764903,0.07915920930758093,0.7153275281833992,-1.001555128663539,0.5671966849511153
2025-08-28,0.8358265951553544,-0.7598271678512382,0.3910552617686751,-0.7071575249948812,0.5495967794076395,0.1892566672764903,0.07915920930758093,0.7153275281833992,-1.001555128663539,0.5671966849511153,0.2750992650265525
2025-08-29,-0.7598271678512382,0.3910552617686751,-0.7071575249948812,0.5495967794076395,0.1892566672764903,0.07915920930758093,0.7153275281833992,-1.001555128663539,0.5671966849511153,0.2750992650265525,-0.3863424544643515
2025-09-02,0.3910552617686751,-0.7071575249948812,0.5495967794076395,0.1892566672764903,0.07915920930758093,0.7153275281833992,-1.001555128663539,0.5671966849511153,0.2750992650265525,-0.3863424544643515,0.9867980543837682
2025-09-03,-0.7071575249948812,0.5495967794076395,0.1892566672764903,0.07915920930758093,0.7153275281833992,-1.001555128663539,0.5671966849511153,0.2750992650265525,-0.3863424544643515,0.9867980543837682,-1.034224540040142
2025-09-04,0.5495967794076395,0.1892566672764903,0.07915920930758093,0.7153275281833992,-1.001555128663539,0.5671966849511153,0.2750992650265525,-0.3863424544643515,0.9867980543837682,-1.034224540040142,-0.32555239991663487
2025-09-05,0.1892566672764903,0.07915920930758093,0.7153275281833992,-1.001555128663539,0.5671966849511153,0.2750992650265525,-0.3863424544643515,0.9867980543837682,-1.034224540040142,-0.32555239991663487,-1.0620708232202456
2025-09-08,0.07915920930758093,0.7153275281833992,-1.001555128663539,0.5671966849511153,0.2750992650265525,-0.3863424544643515,0.9867980543837682,-1.034224540040142,-0.32555239991663487,-1.0620708232202456,0.2461900589288354
2025-09-09,0.7153275281833992,-1.001555128663539,0.5671966849511153,0.2750992650265525,-0.3863424544643515,0.9867980543837682,-1.034224540040142,-0.32555239991663487,-1.0620708232202456,0.2461900589288354,0.23152240055059548
2025-09-10,-1.001555128663539,0.5671966849511153,0.2750992650265525,-0.3863424544643515,0.9867980543837682,-1.034224540040142,-0.32555239991663487,-1.0620708232202456,0.2461900589288354,0.23152240055059548,0.6629459609283114
2025-09-11,0.5671966849511153,0.2750992650265525,-0.3863424544643515,0.9867980543837682,-1.034224540040142,-0.32555239991663487,-1.0620708232202456,0.2461900589288354,0.23152240055059548,0.6629459609283114,-0.8550124017262093
2025-09-12,0.2750992650265525,-0.3863424544643515,0.9867980543837682,-1.034224540040142,-0.32555239991663487,-1.0620708232202456,0.2461900589288354,0.23152240055059548,0.6629459609283114,-0.8550124017262093,0.1984723967825784
2025-09-15,-0.3863424544643515,0.9867980543837682,-1.034224540040142,-0.32555239991663487,-1.0620708232202456,0.2461900589288354,0.23152240055059548,0.6629459609283114,-0.8550124017262093,0.1984723967825784,0.38529470223094614
2025-09-16,0.9867980543837682,-1.034224540040142,-0.32555239991663487,-1.0620708232202456,0.2461900589288354,0.23152240055059548,0.6629459609283114,-0.8550124017262093,0.1984723967825784,0.38529470223094614,0.7701835247981914
2025-09-17,-1.034224540040142,-0.32555239991663487,-1.0620708232202456,0.2461900589288354,0.23152240055059548,0.6629459609283114,-0.8550124017262093,0.1984723967825784,0.38529470223094614,0.7701835247981914,-0.31007627079605
2025-09-18,-0.32555239991663487,-1.0620708232202456,0.2461900589288354,0.23152240055059548,0.6629459609283114,-0.8550124017262093,0.1984723967825784,0.38529470223094614,0.7701835247981914,-0.31007627079605,-0.3187218896656782
2025-09-19,-1.0620708232202456,0.2461900589288354,0.23152240055059548,0.6629459609283114,-0.8550124017262093,0.1984723967825784,0.38529470223094614,0.7701835247981914,-0.31007627079605,-0.3187218896656782,-0.5878278012453717
2025-09-22,0.2461900589288354,0.23152240055059548,0.6629459609283114,-0.8550124017262093,0.1984723967825784,0.38529470223094614,0.7701835247981914,-0.31007627079605,-0.3187218896656782,-0.5878278012453717,-0.03704512053795246
2025-09-23,0.23152240055059548,0.6629459609283114,-0.8550124017262093,0.1984723967825784,0.38529470223094614,0.7701835247981914,-0.31007627079605,-0.3187218896656782,-0.5878278012453717,-0.03704512053795246,0.4889850248731007
2025-09-24,0.6629459609283114,-0.8550124017262093,0.1984723967825784,0.38529470223094614,0.7701835247981914,-0.31007627079605,-0.3187218896656782,-0.5878278012453717,-0.03704512053795246,0.4889850248731007,0.9961259368991876
2025-09-25,-0.8550124017262093,0.1984723967825784,0.38529470223094614,0.7701835247981914,-0.31007627079605,-0.3187218896656782,-0.5878278012453717,-0.03704512053795246,0.4889850248731007,0.9961259368991876,-0.01721724836396994
2025-09-26,0.1984723967825784,0.38529470223094614,0.7701835247981914,-0.31007627079605,-0.3187218896656782,-0.5878278012453717,-0.03704512053795246,0.4889850248731007,0.9961259368991876,-0.01721724836396994,0.4524129377910488
2025-09-29,0.38529470223094614,0.7701835247981914,-0.31007627079605,-0.3187218896656782,-0.5878278012453717,-0.03704512053795246,0.4889850248731007,0.9961259368991876,-0.01721724836396994,0.4524129377910488,-1.449214969250028
2025-09-30,0.7701835247981914,-0.31007627079605,-0.3187218896656782,-0.5878278012453717,-0.03704512053795246,0.4889850248731007,0.9961259368991876,-0.01721724836396994,0.4524129377910488,-1.449214969250028,-0.7133867926344368
2025-10-01,-0.31007627079605,-0.3187218896656782,-0.5878278012453717,-0.03704512053795246,0.4889850248731007,0.9961259368991876,-0.01721724836396994,0.4524129377910488,-1.449214969250028,-0.7133867926344368,-0.399831807314628
2025-10-02,-0.3187218896656782,-0.5878278012453717,-0.03704512053795246,0.4889850248731007,0.9961259368991876,-0.01721724836396994,0.4524129377910488,-1.449214969250028,-0.7133867926344368,-0.399831807314628,-0.8811116087067128
2025-10-03,-0.5878278012453717,-0.03704512053795246,0.4889850248731007,0.9961259368991876,-0.01721724836396994,0.4524129377910488,-1.449214969250028,-0.7133867926344368,-0.399831807314628,-0.8811116087067128,0.2588032882935383
2025-10-06,-0.03704512053795246,0.4889850248731007,0.9961259368991876,-0.01721724836396994,0.4524129377910488,-1.449214969250028,-0.7133867926344368,-0.399831807314628,-0.8811116087067128,0.2588032882935383,0.5298842450684639
2025-10-07,0.4889850248731007,0.9961259368991876,-0.01721724836396994,0.4524129377910488,-1.449214969250028,-0.7133867926344368,-0.399831807314628,-0.8811116087067128,0.2588032882935383,0.5298842450684639,0.0155986914511163
2025-10-08,0.9961259368991876,-0.01721724836396994,0.4524129377910488,-1.449214969250028,-0.7133867926344368,-0.399831807314628,-0.8811116087067128,0.2588032882935383,0.5298842450684639,0.0155986914511163,0.5290293119945206
2025-10-09,-0.01721724836396994,0.4524129377910488,-1.449214969250028,-0.7133867926344368,-0.399831807314628,-0.8811116087067128,0.2588032882935383,0.5298842450684639,0.0155986914511163,0.5290293119945206,-0.6969648532501113
2025-10-10,0.4524129377910488,-1.449214969250028,-0.7133867926344368,-0.399831807314628,-0.8811116087067128,0.2588032882935383,0.5298842450684639,0.0155986914511163,0.5290293119945206,-0.6969648532501113,-1.7850448258651952
2025-10-13,-1.449214969250028,-0.7133867926344368,-0.399831807314628,-0.8811116087067128,0.2588032882935383,0.5298842450684639,0.0155986914511163,0.5290293119945206,-0.6969648532501113,-1.7850448258651952,0.3969049696957152
2025-10-14,-0.7133867926344368,-0.399831807314628,-0.8811116087067128,0.2588032882935383,0.5298842450684639,0.0155986914511163,0.5290293119945206,-0.6969648532501113,-1.7850448258651952,0.3969049696957152,-0.5579288996432276
2025-10-15,-0.399831807314628,-0.8811116087067128,0.2588032882935383,0.5298842450684639,0.0155986914511163,0.5290293119945206,-0.6969648532501113,-1.7850448258651952,0.3969049696957152,-0.5579288996432276,-0.31176311307414234
2025-10-16,-0.8811116087067128,0.2588032882935383,0.5298842450684639,0.0155986914511163,0.5290293119945206,-0.6969648532501113,-1.7850448258651952,0.3969049696957152,-0.5579288996432276,-0.31176311307414234,-0.5836999591178222
2025-10-17,0.2588032882935383,0.5298842450684639,0.0155986914511163,0.5290293119945206,-0.6969648532501113,-1.7850448258651952,0.3969049696957152,-0.5579288996432276,-0.31176311307414234,-0.5836999591178222,0.04600554855578584
2025-10-20,0.5298842450684639,0.0155986914511163,0.5290293119945206,-0.6969648532501113,-1.7850448258651952,0.3969049696957152,-0.5579288996432276,-0.31176311307414234,-0.5836999591178222,0.04600554855578584,-0.02514930624526464
2025-10-21,0.0155986914511163,0.5290293119945206,-0.6969648532501113,-1.7850448258651952,0.3969049696957152,-0.5579288996432276,-0.31176311307414234,-0.5836999591178222,0.04600554855578584,-0.02514930624526464,0.20192827646456257
2025-10-22,0.5290293119945206,-0.6969648532501113,-1.7850448258651952,0.3969049696957152,-0.5579288996432276,-0.31176311307414234,-0.5836999591178222,0.04600554855578584,-0.02514930624526464,0.20192827646456257,0.4674825212497462
2025-10-23,-0.6969648532501113,-1.7850448258651952,0.3969049696957152,-0.5579288996432276,-0.31176311307414234,-0.5836999591178222,0.04600554855578584,-0.02514930624526464,0.20192827646456257,0.4674825212497462,2.227861275747616
2025-10-24,-1.7850448258651952,0.3969049696957152,-0.5579288996432276,-0.31176311307414234,-0.5836999591178222,0.04600554855578584,-0.02514930624526464,0.20192827646456257,0.4674825212497462,2.227861275747616,-0.2034150808395044
2025-10-27,0.3969049696957152,-0.5579288996432276,-0.31176311307414234,-0.5836999591178222,0.04600554855578584,-0.02514930624526464,0.20192827646456257,0.4674825212497462,2.227861275747616,-0.2034150808395044,-0.13753040919395235
2025-10-28,-0.5579288996432276,-0.31176311307414234,-0.5836999591178222,0.04600554855578584,-0.02514930624526464,0.20192827646456257,0.4674825212497462,2.227861275747616,-0.2034150808395044,-0.13753040919395235,-0.7925080351373978
2025-10-29,-0.31176311307414234,-0.5836999591178222,0.04600554855578584,-0.02514930624526464,0.20192827646456257,0.4674825212497462,2.227861275747616,-0.2034150808395044,-0.13753040919395235,-0.7925080351373978,0.2129451374417145
2025-10-30,-0.5836999591178222,0.04600554855578584,-0.02514930624526464,0.20192827646456257,0.4674825212497462,2.227861275747616,-0.2034150808395044,-0.13753040919395235,-0.7925080351373978,0.2129451374417145,0.04991950894692118
2025-10-31,0.04600554855578584,-0.02514930624526464,0.20192827646456257,0.4674825212497462,2.227861275747616,-0.2034150808395044,-0.13753040919395235,-0.7925080351373978,0.2129451374417145,0.04991950894692118,0.2651132088205692
2025-11-03,-0.02514930624526464,0.20192827646456257,0.4674825212497462,2.227861275747616,-0.2034150808395044,-0.13753040919395235,-0.7925080351373978,0.2129451374417145,0.04991950894692118,0.2651132088205692,0.03601833894005767
2025-11-04,0.20192827646456257,0.4674825212497462,2.227861275747616,-0.2034150808395044,-0.13753040919395235,-0.7925080351373978,0.2129451374417145,0.04991950894692118,0.2651132088205692,0.03601833894005767,-0.34065918014079816
2025-11-05,0.4674825212497462,2.227861275747616,-0.2034150808395044,-0.13753040919395235,-0.7925080351373978,0.2129451374417145,0.04991950894692118,0.2651132088205692,0.03601833894005767,-0.34065918014079816,-0.6647462954300298
2025-11-06,2.227861275747616,-0.2034150808395044,-0.13753040919395235,-0.7925080351373978,0.2129451374417145,0.04991950894692118,0.2651132088205692,0.03601833894005767,-0.34065918014079816,-0.6647462954300298,-0.12780039498755016
2025-11-07,-0.2034150808395044,-0.13753040919395235,-0.7925080351373978,0.2129451374417145,0.04991950894692118,0.2651132088205692,0.03601833894005767,-0.34065918014079816,-0.6647462954300298,-0.12780039498755016,0.20880347269880245
2025-11-10,-0.13753040919395235,-0.7925080351373978,0.2129451374417145,0.04991950894692118,0.2651132088205692,0.03601833894005767,-0.34065918014079816,-0.6647462954300298,-0.12780039498755016,0.20880347269880245,0.24848004962642525
2025-11-11,-0.7925080351373978,0.2129451374417145,0.04991950894692118,0.2651132088205692,0.03601833894005767,-0.34065918014079816,-0.6647462954300298,-0.12780039498755016,0.20880347269880245,0.24848004962642525,0.6036750055711182
2025-11-12,0.2129451374417145,0.04991950894692118,0.2651132088205692,0.03601833894005767,-0.34065918014079816,-0.6647462954300298,-0.12780039498755016,0.20880347269880245,0.24848004962642525,0.6036750055711182,-1.757014565717131
2025-11-13,0.04991950894692118,0.2651132088205692,0.03601833894005767,-0.34065918014079816,-0.6647462954300298,-0.12780039498755016,0.20880347269880245,0.24848004962642525,0.6036750055711182,-1.757014565717131,0.12874728204769728
2025-11-14,0.2651132088205692,0.03601833894005767,-0.34065918014079816,-0.6647462954300298,-0.12780039498755016,0.20880347269880245,0.24848004962642525,0.6036750055711182,-1.757014565717131,0.12874728204769728,0.9536662297505172
2025-11-17,0.03601833894005767,-0.34065918014079816,-0.6647462954300298,-0.12780039498755016,0.20880347269880245,0.24848004962642525,0.6036750055711182,-1.757014565717131,0.12874728204769728,0.9536662297505172,-0.13367667642011413
2025-11-18,-0.34065918014079816,-0.6647462954300298,-0.12780039498755016,0.20880347269880245,0.24848004962642525,0.6036750055711182,-1.757014565717131,0.12874728204769728,0.9536662297505172,-0.13367667642011413,0.5520599785352317
2025-11-19,-0.6647462954300298,-0.12780039498755016,0.20880347269880245,0.24848004962642525,0.6036750055711182,-1.757014565717131,0.12874728204769728,0.9536662297505172,-0.13367667642011413,0.5520599785352317,-0.8961760132610458
2025-11-20,-0.12780039498755016,0.20880347269880245,0.24848004962642525,0.6036750055711182,-1.757014565717131,0.12874728204769728,0.9536662297505172,-0.13367667642011413,0.5520599785352317,-0.8961760132610458,-0.217960964485424
2025-11-21,0.20880347269880245,0.24848004962642525,0.6036750055711182,-1.757014565717131,0.12874728204769728,0.9536662297505172,-0.13367667642011413,0.5520599785352317,-0.8961760132610458,-0.217960964485424,-0.7650527055144256
2025-11-24,0.24848004962642525,0.6036750055711182,-1.757014565717131,0.12874728204769728,0.9536662297505172,-0.13367667642011413,0.5520599785352317,-0.8961760132610458,-0.217960964485424,-0.7650527055144256,0.5351145572371262
2025-11-25,0.6036750055711182,-1.757014565717131,0.12874728204769728,0.9536662297505172,-0.13367667642011413,0.5520599785352317,-0.8961760132610458,-0.217960964485424,-0.7650527055144256,0.5351145572371262,-0.6345587728326116
2025-11-26,-1.757014565717131,0.12874728204769728,0.9536662297505172,-0.13367667642011413,0.5520599785352317,-0.8961760132610458,-0.217960964485424,-0.7650527055144256,0.5351145572371262,-0.6345587728326116,0.48037129704994136
2025-11-28,0.12874728204769728,0.9536662297505172,-0.13367667642011413,0.5520599785352317,-0.8961760132610458,-0.217960964485424,-0.7650527055144256,0.5351145572371262,-0.6345587728326116,0.48037129704994136,-0.08075074795812037
2025-12-01,0.9536662297505172,-0.13367667642011413,0.5520599785352317,-0.8961760132610458,-0.217960964485424,-0.7650527055144256,0.5351145572371262,-0.6345587728326116,0.48037129704994136,-0.08075074795812037,0.5236789319558915
2025-12-02,-0.13367667642011413,0.5520599785352317,-0.8961760132610458,-0.217960964485424,-0.7650527055144256,0.5351145572371262,-0.6345587728326116,0.48037129704994136,-0.08075074795812037,0.5236789319558915,-0.482679626090966
2025-12-03,0.5520599785352317,-0.8961760132610458,-0.217960964485424,-0.7650527055144256,0.5351145572371262,-0.6345587728326116,0.48037129704994136,-0.08075074795812037,0.5236789319558915,-0.482679626090966,0.2048163394891596
2025-12-04,-0.8961760132610458,-0.217960964485424,-0.7650527055144256,0.5351145572371262,-0.6345587728326116,0.48037129704994136,-0.08075074795812037,0.5236789319558915,-0.482679626090966,0.2048163394891596,0.485800735324135
2025-12-05,-0.217960964485424,-0.7650527055144256,0.5351145572371262,-0.6345587728326116,0.48037129704994136,-0.08075074795812037,0.5236789319558915,-0.482679626090966,0.2048163394891596,0.485800735324135,0.2692650525961972
2025-12-08,-0.7650527055144256,0.5351145572371262,-0.6345587728326116,0.48037129704994136,-0.08075074795812037,0.5236789319558915,-0.482679626090966,0.2048163394891596,0.485800735324135,0.2692650525961972,-0.8364544735944737
2025-12-09,0.5351145572371262,-0.6345587728326116,0.48037129704994136,-0.08075074795812037,0.5236789319558915,-0.482679626090966,0.2048163394891596,0.485800735324135,0.2692650525961972,-0.8364544735944737,-0.4510887655125494
2025-12-10,-0.6345587728326116,0.48037129704994136,-0.08075074795812037,0.5236789319558915,-0.482679626090966,0.2048163394891596,0.485800735324135,0.2692650525961972,-0.8364544735944737,-0.4510887655125494,0.13632307354425813
2025-12-11,0.48037129704994136,-0.08075074795812037,0.5236789319558915,-0.482679626090966,0.2048163394891596,0.485800735324135,0.2692650525961972,-0.8364544735944737,-0.4510887655125494,0.13632307354425813,-0.61732795541398
2025-12-12,-0.08075074795812037,0.5236789319558915,-0.482679626090966,0.2048163394891596,0.485800735324135,0.2692650525961972,-0.8364544735944737,-0.4510887655125494,0.13632307354425813,-0.61732795541398,-0.12474167544610394
2025-12-15,0.5236789319558915,-0.482679626090966,0.2048163394891596,0.485800735324135,0.2692650525961972,-0.8364544735944737,-0.4510887655125494,0.13632307354425813,-0.61732795541398,-0.12474167544610394,-0.4549812207953612
2025-12-16,-0.482679626090966,0.2048163394891596,0.485800735324135,0.2692650525961972,-0.8364544735944737,-0.4510887655125494,0.13632307354425813,-0.61732795541398,-0.12474167544610394,-0.4549812207953612,-1.1426207834311564
2025-12-17,0.2048163394891596,0.485800735324135,0.2692650525961972,-0.8364544735944737,-0.4510887655125494,0.13632307354425813,-0.61732795541398,-0.12474167544610394,-0.4549812207953612,-1.1426207834311564,0.4821050040357793
2025-12-18,0.485800735324135,0.2692650525961972,-0.8364544735944737,-0.4510887655125494,0.13632307354425813,-0.61732795541398,-0.12474167544610394,-0.4549812207953612,-1.1426207834311564,0.4821050040357793,0.14239494727207527
2025-12-19,0.2692650525961972,-0.8364544735944737,-0.4510887655125494,0.13632307354425813,-0.61732795541398,-0.12474167544610394,-0.4549812207953612,-1.1426207834311564,0.4821050040357793,0.14239494727207527,0.3590416951955771
2025-12-22,-0.8364544735944737,-0.4510887655125494,0.13632307354425813,-0.61732795541398,-0.12474167544610394,-0.4549812207953612,-1.1426207834311564,0.4821050040357793,0.14239494727207527,0.3590416951955771,0.9525524230306566
2025-12-23,-0.4510887655125494,0.13632307354425813,-0.61732795541398,-0.12474167544610394,-0.4549812207953612,-1.1426207834311564,0.4821050040357793,0.14239494727207527,0.3590416951955771,0.9525524230306566,0.24922847633910553
2025-12-24,0.13632307354425813,-0.61732795541398,-0.12474167544610394,-0.4549812207953612,-1.1426207834311564,0.4821050040357793,0.14239494727207527,0.3590416951955771,0.9525524230306566,0.24922847633910553,-0.0319578938086358
2025-12-26,-0.61732795541398,-0.12474167544610394,-0.4549812207953612,-1.1426207834311564,0.4821050040357793,0.14239494727207527,0.3590416951955771,0.9525524230306566,0.24922847633910553,-0.0319578938086358,-1.1557870385062157
2025-12-29,-0.12474167544610394,-0.4549812207953612,-1.1426207834311564,0.4821050040357793,0.14239494727207527,0.3590416951955771,0.9525524230306566,0.24922847633910553,-0.0319578938086358,-1.1557870385062157,0.9441665823513704
2025-12-30,-0.4549812207953612,-1.1426207834311564,0.4821050040357793,0.14239494727207527,0.3590416951955771,0.9525524230306566,0.24922847633910553,-0.0319578938086358,-1.1557870385062157,0.9441665823513704,-0.10261269222071824
2025-12-31,-1.1426207834311564,0.4821050040357793,0.14239494727207527,0.3590416951955771,0.9525524230306566,0.24922847633910553,-0.0319578938086358,-1.1557870385062157,0.9441665823513704,-0.10261269222071824,-0.3868705956386847
2026-01-02,0.4821050040357793,0.14239494727207527,0.3590416951955771,0.9525524230306566,0.24922847633910553,-0.0319578938086358,-1.1557870385062157,0.9441665823513704,-0.10261269222071824,-0.3868705956386847,-0.08224509379497048
2026-01-05,0.14239494727207527,0.3590416951955771,0.9525524230306566,0.24922847633910553,-0.0319578938086358,-1.1557870385062157,0.9441665823513704,-0.10261269222071824,-0.3868705956386847,-0.08224509379497048,0.6967614297408905
2026-01-06,0.3590416951955771,0.9525524230306566,0.24922847633910553,-0.0319578938086358,-1.1557870385062157,0.9441665823513704,-0.10261269222071824,-0.3868705956386847,-0.08224509379497048,0.6967614297408905,-0.8544640753375287
2026-01-07,0.9525524230306566,0.24922847633910553,-0.0319578938086358,-1.1557870385062157,0.9441665823513704,-0.10261269222071824,-0.3868705956386847,-0.08224509379497048,0.6967614297408905,-0.8544640753375287,-0.8356652889642905
2026-01-08,0.24922847633910553,-0.0319578938086358,-1.1557870385062157,0.9441665823513704,-0.10261269222071824,-0.3868705956386847,-0.08224509379497048,0.6967614297408905,-0.8544640753375287,-0.8356652889642905,1.2625605379617093
2026-01-09,-0.0319578938086358,-1.1557870385062157,0.9441665823513704,-0.10261269222071824,-0.3868705956386847,-0.08224509379497048,0.6967614297408905,-0.8544640753375287,-0.8356652889642905,1.2625605379617093,0.9413371450678832
2026-01-12,-1.1557870385062157,0.9441665823513704,-0.10261269222071824,-0.3868705956386847,-0.08224509379497048,0.6967614297408905,-0.8544640753375287,-0.8356652889642905,1.2625605379617093,0.9413371450678832,0.2512355059577247
2026-01-13,0.9441665823513704,-0.10261269222071824,-0.3868705956386847,-0.08224509379497048,0.6967614297408905,-0.8544640753375287,-0.8356652889642905,1.2625605379617093,0.9413371450678832,0.2512355059577247,1.1083119797523096
2026-01-14,-0.10261269222071824,-0.3868705956386847,-0.08224509379497048,0.6967614297408905,-0.8544640753375287,-0.8356652889642905,1.2625605379617093,0.9413371450678832,0.2512355059577247,1.1083119797523096,0.567116762156452
2026-01-15,-0.3868705956386847,-0.08224509379497048,0.6967614297408905,-0.8544640753375287,-0.8356652889642905,1.2625605379617093,0.9413371450678832,0.2512355059577247,1.1083119797523096,0.567116762156452,-1.921942723582475
2026-01-16,-0.08224509379497048,0.6967614297408905,-0.8544640753375287,-0.8356652889642905,1.2625605379617093,0.9413371450678832,0.2512355059577247,1.1083119797523096,0.567116762156452,-1.921942723582475,0.16153390951518595
2026-01-20,0.6967614297408905,-0.8544640753375287,-0.8356652889642905,1.2625605379617093,0.9413371450678832,0.2512355059577247,1.1083119797523096,0.567116762156452,-1.921942723582475,0.16153390951518595,0.6039761489621576
2026-01-21,-0.8544640753375287,-0.8356652889642905,1.2625605379617093,0.9413371450678832,0.2512355059577247,1.1083119797523096,0.567116762156452,-1.921942723582475,0.16153390951518595,0.6039761489621576,0.1785074950695852
2026-01-22,-0.8356652889642905,1.2625605379617093,0.9413371450678832,0.2512355059577247,1.1083119797523096,0.567116762156452,-1.921942723582475,0.16153390951518595,0.6039761489621576,0.1785074950695852,-0.8703626752297171
2026-01-23,1.2625605379617093,0.9413371450678832,0.2512355059577247,1.1083119797523096,0.567116762156452,-1.921942723582475,0.16153390951518595,0.6039761489621576,0.1785074950695852,-0.8703626752297171,1.151134400758703
2026-01-26,0.9413371450678832,0.2512355059577247,1.1083119797523096,0.567116762156452,-1.921942723582475,0.16153390951518595,0.6039761489621576,0.1785074950695852,-0.8703626752297171,1.151134400758703,-0.3067938509092695
2026-01-27,0.2512355059577247,1.1083119797523096,0.567116762156452,-1.921942723582475,0.16153390951518595,0.6039761489621576,0.1785074950695852,-0.8703626752297171,1.151134400758703,-0.3067938509092695,1.159932679853369
2026-01-28,1.1083119797523096,0.567116762156452,-1.921942723582475,0.16153390951518595,0.6039761489621576,0.1785074950695852,-0.8703626752297171,1.151134400758703,-0.3067938509092695,1.159932679853369,0.5233544796750874
2026-01-29,0.567116762156452,-1.921942723582475,0.16153390951518595,0.6039761489621576,0.1785074950695852,-0.8703626752297171,1.151134400758703,-0.3067938509092695,1.159932679853369,0.5233544796750874,1.3952211866111262
2026-01-30,-1.921942723582475,0.16153390951518595,0.6039761489621576,0.1785074950695852,-0.8703626752297171,1.151134400758703,-0.3067938509092695,1.159932679853369,0.5233544796750874,1.3952211866111262,-0.1424808425666855
2026-02-02,0.16153390951518595,0.6039761489621576,0.1785074950695852,-0.8703626752297171,1.151134400758703,-0.3067938509092695,1.159932679853369,0.5233544796750874,1.3952211866111262,-0.1424808425666855,-1.9840793329785025
2026-02-03,0.6039761489621576,0.1785074950695852,-0.8703626752297171,1.151134400758703,-0.3067938509092695,1.159932679853369,0.5233544796750874,1.3952211866111262,-0.1424808425666855,-1.9840793329785025,0.6876418907437752
2026-02-04,0.1785074950695852,-0.8703626752297171,1.151134400758703,-0.3067938509092695,1.159932679853369,0.5233544796750874,1.3952211866111262,-0.1424808425666855,-1.9840793329785025,0.6876418907437752,1.2197182660335089
2026-02-05,-0.8703626752297171,1.151134400758703,-0.3067938509092695,1.159932679853369,0.5233544796750874,1.3952211866111262,-0.1424808425666855,-1.9840793329785025,0.6876418907437752,1.2197182660335089,-1.1898124319382168
2026-02-06,1.151134400758703,-0.3067938509092695,1.159932679853369,0.5233544796750874,1.3952211866111262,-0.1424808425666855,-1.9840793329785025,0.6876418907437752,1.2197182660335089,-1.1898124319382168,0.1568218889449259
2026-02-09,-0.3067938509092695,1.159932679853369,0.5233544796750874,1.3952211866111262,-0.1424808425666855,-1.9840793329785025,0.6876418907437752,1.2197182660335089,-1.1898124319382168,0.1568218889449259,0.5073083379130053
2026-02-10,1.159932679853369,0.5233544796750874,1.3952211866111262,-0.1424808425666855,-1.9840793329785025,0.6876418907437752,1.2197182660335089,-1.1898124319382168,0.1568218889449259,0.5073083379130053,-0.2660218802115595
2026-02-11,0.5233544796750874,1.3952211866111262,-0.1424808425666855,-1.9840793329785025,0.6876418907437752,1.2197182660335089,-1.1898124319382168,0.1568218889449259,0.5073083379130053,-0.2660218802115595,0.4154667354519205
2026-02-12,1.3952211866111262,-0.1424808425666855,-1.9840793329785025,0.6876418907437752,1.2197182660335089,-1.1898124319382168,0.1568218889449259,0.5073083379130053,-0.2660218802115595,0.4154667354519205,-1.16016386054032
2026-02-13,-0.1424808425666855,-1.9840793329785025,0.6876418907437752,1.2197182660335089,-1.1898124319382168,0.1568218889449259,0.5073083379130053,-0.2660218802115595,0.4154667354519205,-1.16016386054032,0.02161906847863709
2026-02-17,-1.9840793329785025,0.6876418907437752,1.2197182660335089,-1.1898124319382168,0.1568218889449259,0.5073083379130053,-0.2660218802115595,0.4154667354519205,-1.16016386054032,0.02161906847863709,-0.3769006087960917
2026-02-18,0.6876418907437752,1.2197182660335089,-1.1898124319382168,0.1568218889449259,0.5073083379130053,-0.2660218802115595,0.4154667354519205,-1.16016386054032,0.02161906847863709,-0.3769006087960917,1.824761399435977
2026-02-19,1.2197182660335089,-1.1898124319382168,0.1568218889449259,0.5073083379130053,-0.2660218802115595,0.4154667354519205,-1.16016386054032,0.02161906847863709,-0.3769006087960917,1.824761399435977,0.7600671866825286
2026-02-20,-1.1898124319382168,0.1568218889449259,0.5073083379130053,-0.2660218802115595,0.4154667354519205,-1.16016386054032,0.02161906847863709,-0.3769006087960917,1.824761399435977,0.7600671866825286,-0.03557014419720531
2026-02-23,0.1568218889449259,0.5073083379130053,-0.2660218802115595,0.4154667354519205,-1.16016386054032,0.02161906847863709,-0.3769006087960917,1.824761399435977,0.7600671866825286,-0.03557014419720531,-0.06026059364701067
2026-02-24,0.5073083379130053,-0.2660218802115595,0.4154667354519205,-1.16016386054032,0.02161906847863709,-0.3769006087960917,1.824761399435977,0.7600671866825286,-0.03557014419720531,-0.06026059364701067,-0.4326928004893501
2026-02-25,-0.2660218802115595,0.4154667354519205,-1.16016386054032,0.02161906847863709,-0.3769006087960917,1.824761399435977,0.7600671866825286,-0.03557014419720531,-0.06026059364701067,-0.4326928004893501,-0.14205922017562053
2026-02-26,0.4154667354519205,-1.16016386054032,0.02161906847863709,-0.3769006087960917,1.824761399435977,0.7600671866825286,-0.03557014419720531,-0.06026059364701067,-0.4326928004893501,-0.14205922017562053,-0.1424808425666855
2026-02-27,-1.16016386054032,0.02161906847863709,-0.3769006087960917,1.824761399435977,0.7600671866825286,-0.03557014419720531,-0.06026059364701067,-0.4326928004893501,-0.14205922017562053,-0.1424808425666855,1.1093201967969066
2026-03-02,0.02161906847863709,-0.3769006087960917,1.824761399435977,0.7600671866825286,-0.03557014419720531,-0.06026059364701067,-0.4326928004893501,-0.14205922017562053,-0.1424808425666855,1.1093201967969066,2.4818882903639357
2026-03-03,-0.3769006087960917,1.824761399435977,0.7600671866825286,-0.03557014419720531,-0.06026059364701067,-0.4326928004893501,-0.14205922017562053,-0.1424808425666855,1.1093201967969066,2.4818882903639357,1.858590746285087
2026-03-04,1.824761399435977,0.7600671866825286,-0.03557014419720531,-0.06026059364701067,-0.4326928004893501,-0.14205922017562053,-0.1424808425666855,1.1093201967969066,2.4818882903639357,1.858590746285087,0.04392074679019753
2026-03-05,0.7600671866825286,-0.03557014419720531,-0.06026059364701067,-0.4326928004893501,-0.14205922017562053,-0.1424808425666855,1.1093201967969066,2.4818882903639357,1.858590746285087,0.04392074679019753,3.329082983535894
